temp,id,site
29.51,LRM5_G_underwoodi,RR
30.04,LRM5_G_underwoodi,RR
30.38,LRM5_G_underwoodi,RR
30.6,LRM5_G_underwoodi,RR
30.63,LRM5_G_underwoodi,RR
30.59,LRM5_G_underwoodi,RR
30.79,LRM5_G_underwoodi,RR
31.08,LRM5_G_underwoodi,RR
31.32,LRM5_G_underwoodi,RR
31.55,LRM5_G_underwoodi,RR
31.62,LRM5_G_underwoodi,RR
31.64,LRM5_G_underwoodi,RR
31.62,LRM5_G_underwoodi,RR
31.61,LRM5_G_underwoodi,RR
31.64,LRM5_G_underwoodi,RR
31.63,LRM5_G_underwoodi,RR
31.6,LRM5_G_underwoodi,RR
31.57,LRM5_G_underwoodi,RR
31.56,LRM5_G_underwoodi,RR
31.6,LRM5_G_underwoodi,RR
31.62,LRM5_G_underwoodi,RR
31.64,LRM5_G_underwoodi,RR
31.92,LRM5_G_underwoodi,RR
33.38,LRM5_G_underwoodi,RR
33.1,LRM5_G_underwoodi,RR
32.62,LRM5_G_underwoodi,RR
32.87,LRM5_G_underwoodi,RR
33.03,LRM5_G_underwoodi,RR
33.08,LRM5_G_underwoodi,RR
32.97,LRM5_G_underwoodi,RR
32.75,LRM5_G_underwoodi,RR
32.55,LRM5_G_underwoodi,RR
32.39,LRM5_G_underwoodi,RR
32.3,LRM5_G_underwoodi,RR
32.26,LRM5_G_underwoodi,RR
32.32,LRM5_G_underwoodi,RR
32.35,LRM5_G_underwoodi,RR
32.34,LRM5_G_underwoodi,RR
32.4,LRM5_G_underwoodi,RR
32.5,LRM5_G_underwoodi,RR
32.56,LRM5_G_underwoodi,RR
32.74,LRM5_G_underwoodi,RR
32.9,LRM5_G_underwoodi,RR
32.93,LRM5_G_underwoodi,RR
33.14,LRM5_G_underwoodi,RR
33.21,LRM5_G_underwoodi,RR
33.28,LRM5_G_underwoodi,RR
33.17,LRM5_G_underwoodi,RR
33.23,LRM5_G_underwoodi,RR
33.44,LRM5_G_underwoodi,RR
33.52,LRM5_G_underwoodi,RR
31.74,LRM5_G_underwoodi,RR
31.53,LRM5_G_underwoodi,RR
31.54,LRM5_G_underwoodi,RR
31.94,LRM5_G_underwoodi,RR
32.41,LRM5_G_underwoodi,RR
32.73,LRM5_G_underwoodi,RR
32.93,LRM5_G_underwoodi,RR
33.14,LRM5_G_underwoodi,RR
33.32,LRM5_G_underwoodi,RR
33.38,LRM5_G_underwoodi,RR
33.53,LRM5_G_underwoodi,RR
33.68,LRM5_G_underwoodi,RR
33.64,LRM5_G_underwoodi,RR
33.66,LRM5_G_underwoodi,RR
33.87,LRM5_G_underwoodi,RR
33.97,LRM5_G_underwoodi,RR
33.98,LRM5_G_underwoodi,RR
34.26,LRM5_G_underwoodi,RR
34.31,LRM5_G_underwoodi,RR
34.23,LRM5_G_underwoodi,RR
34.14,LRM5_G_underwoodi,RR
34.04,LRM5_G_underwoodi,RR
33.95,LRM5_G_underwoodi,RR
33.9,LRM5_G_underwoodi,RR
33.85,LRM5_G_underwoodi,RR
33.65,LRM5_G_underwoodi,RR
33.72,LRM5_G_underwoodi,RR
33.8,LRM5_G_underwoodi,RR
33.76,LRM5_G_underwoodi,RR
33.6,LRM5_G_underwoodi,RR
33.64,LRM5_G_underwoodi,RR
33.79,LRM5_G_underwoodi,RR
34.33,LRM5_G_underwoodi,RR
34.54,LRM5_G_underwoodi,RR
34.66,LRM5_G_underwoodi,RR
34.74,LRM5_G_underwoodi,RR
34.44,LRM5_G_underwoodi,RR
33.81,LRM5_G_underwoodi,RR
33.82,LRM5_G_underwoodi,RR
33.44,LRM5_G_underwoodi,RR
33.37,LRM5_G_underwoodi,RR
33.35,LRM5_G_underwoodi,RR
33.3,LRM5_G_underwoodi,RR
33.2,LRM5_G_underwoodi,RR
33.26,LRM5_G_underwoodi,RR
33.39,LRM5_G_underwoodi,RR
33.54,LRM5_G_underwoodi,RR
33.62,LRM5_G_underwoodi,RR
33.56,LRM5_G_underwoodi,RR
33.53,LRM5_G_underwoodi,RR
33.2,LRM5_G_underwoodi,RR
33.14,LRM5_G_underwoodi,RR
33.3,LRM5_G_underwoodi,RR
33.48,LRM5_G_underwoodi,RR
33.55,LRM5_G_underwoodi,RR
33.63,LRM5_G_underwoodi,RR
33.7,LRM5_G_underwoodi,RR
33.63,LRM5_G_underwoodi,RR
33.58,LRM5_G_underwoodi,RR
33.53,LRM5_G_underwoodi,RR
33.39,LRM5_G_underwoodi,RR
33.46,LRM5_G_underwoodi,RR
33.54,LRM5_G_underwoodi,RR
33.4,LRM5_G_underwoodi,RR
33.56,LRM5_G_underwoodi,RR
33.59,LRM5_G_underwoodi,RR
33.45,LRM5_G_underwoodi,RR
33.2,LRM5_G_underwoodi,RR
33.08,LRM5_G_underwoodi,RR
33.67,LRM7_G_underwoodi,RR
33.73,LRM7_G_underwoodi,RR
33.74,LRM7_G_underwoodi,RR
33.73,LRM7_G_underwoodi,RR
33.86,LRM7_G_underwoodi,RR
33.82,LRM7_G_underwoodi,RR
33.76,LRM7_G_underwoodi,RR
33.76,LRM7_G_underwoodi,RR
33.72,LRM7_G_underwoodi,RR
33.66,LRM7_G_underwoodi,RR
33.58,LRM7_G_underwoodi,RR
33.64,LRM7_G_underwoodi,RR
33.5,LRM7_G_underwoodi,RR
33.49,LRM7_G_underwoodi,RR
33.46,LRM7_G_underwoodi,RR
33.45,LRM7_G_underwoodi,RR
33.46,LRM7_G_underwoodi,RR
33.55,LRM7_G_underwoodi,RR
33.67,LRM7_G_underwoodi,RR
33.71,LRM7_G_underwoodi,RR
33.41,LRM7_G_underwoodi,RR
32.81,LRM7_G_underwoodi,RR
32.87,LRM7_G_underwoodi,RR
32.93,LRM7_G_underwoodi,RR
32.68,LRM7_G_underwoodi,RR
32.56,LRM7_G_underwoodi,RR
32.52,LRM7_G_underwoodi,RR
32.49,LRM7_G_underwoodi,RR
32.46,LRM7_G_underwoodi,RR
32.46,LRM7_G_underwoodi,RR
32.46,LRM7_G_underwoodi,RR
32.42,LRM7_G_underwoodi,RR
32.57,LRM7_G_underwoodi,RR
33.6,LRM7_G_underwoodi,RR
33.19,LRM7_G_underwoodi,RR
33.55,LRM7_G_underwoodi,RR
33.68,LRM7_G_underwoodi,RR
33.7,LRM7_G_underwoodi,RR
33.74,LRM7_G_underwoodi,RR
33.84,LRM7_G_underwoodi,RR
33.88,LRM7_G_underwoodi,RR
33.76,LRM7_G_underwoodi,RR
33.44,LRM7_G_underwoodi,RR
32.7,LRM7_G_underwoodi,RR
32.45,LRM7_G_underwoodi,RR
33.23,LRM7_G_underwoodi,RR
33.44,LRM7_G_underwoodi,RR
33.81,LRM7_G_underwoodi,RR
33.95,LRM7_G_underwoodi,RR
33.82,LRM7_G_underwoodi,RR
33.73,LRM7_G_underwoodi,RR
33.68,LRM7_G_underwoodi,RR
33.69,LRM7_G_underwoodi,RR
34.06,LRM7_G_underwoodi,RR
34.07,LRM7_G_underwoodi,RR
34.12,LRM7_G_underwoodi,RR
34.21,LRM7_G_underwoodi,RR
34.3,LRM7_G_underwoodi,RR
34.23,LRM7_G_underwoodi,RR
33.35,LRM7_G_underwoodi,RR
33.55,LRM7_G_underwoodi,RR
33.65,LRM7_G_underwoodi,RR
34.07,LRM7_G_underwoodi,RR
34.37,LRM7_G_underwoodi,RR
34.54,LRM7_G_underwoodi,RR
34.78,LRM7_G_underwoodi,RR
34.88,LRM7_G_underwoodi,RR
34.99,LRM7_G_underwoodi,RR
35.11,LRM7_G_underwoodi,RR
35.21,LRM7_G_underwoodi,RR
35.28,LRM7_G_underwoodi,RR
35.32,LRM7_G_underwoodi,RR
35.13,LRM7_G_underwoodi,RR
35.01,LRM7_G_underwoodi,RR
34.93,LRM7_G_underwoodi,RR
34.87,LRM7_G_underwoodi,RR
34.86,LRM7_G_underwoodi,RR
34.74,LRM7_G_underwoodi,RR
34.79,LRM7_G_underwoodi,RR
34.78,LRM7_G_underwoodi,RR
34.74,LRM7_G_underwoodi,RR
34.54,LRM7_G_underwoodi,RR
34.28,LRM7_G_underwoodi,RR
34.22,LRM7_G_underwoodi,RR
34.29,LRM7_G_underwoodi,RR
34.54,LRM7_G_underwoodi,RR
34.5,LRM7_G_underwoodi,RR
34.22,LRM7_G_underwoodi,RR
34.17,LRM7_G_underwoodi,RR
34.5,LRM7_G_underwoodi,RR
34.74,LRM7_G_underwoodi,RR
35.13,LRM7_G_underwoodi,RR
35.09,LRM7_G_underwoodi,RR
34.95,LRM7_G_underwoodi,RR
35.16,LRM7_G_underwoodi,RR
34.56,LRM7_G_underwoodi,RR
33.05,LRM7_G_underwoodi,RR
33.6,LRM7_G_underwoodi,RR
33.76,LRM7_G_underwoodi,RR
33.99,LRM7_G_underwoodi,RR
34.22,LRM7_G_underwoodi,RR
34.47,LRM7_G_underwoodi,RR
34.61,LRM7_G_underwoodi,RR
34.76,LRM7_G_underwoodi,RR
34.56,LRM7_G_underwoodi,RR
34.86,LRM7_G_underwoodi,RR
35.12,LRM7_G_underwoodi,RR
34.99,LRM7_G_underwoodi,RR
34.97,LRM7_G_underwoodi,RR
34.82,LRM7_G_underwoodi,RR
35.27,LRM7_G_underwoodi,RR
35.38,LRM7_G_underwoodi,RR
35.47,LRM7_G_underwoodi,RR
35.52,LRM7_G_underwoodi,RR
35.59,LRM7_G_underwoodi,RR
35.6,LRM7_G_underwoodi,RR
35.59,LRM7_G_underwoodi,RR
35.85,LRM7_G_underwoodi,RR
35.84,LRM7_G_underwoodi,RR
35.5,LRM7_G_underwoodi,RR
32.9,LRM8_G_underwoodi,RR
33.06,LRM8_G_underwoodi,RR
33.17,LRM8_G_underwoodi,RR
33.23,LRM8_G_underwoodi,RR
33.31,LRM8_G_underwoodi,RR
33.2,LRM8_G_underwoodi,RR
33.15,LRM8_G_underwoodi,RR
33.14,LRM8_G_underwoodi,RR
33.04,LRM8_G_underwoodi,RR
33.22,LRM8_G_underwoodi,RR
33.38,LRM8_G_underwoodi,RR
33.23,LRM8_G_underwoodi,RR
33.41,LRM8_G_underwoodi,RR
33.52,LRM8_G_underwoodi,RR
33.35,LRM8_G_underwoodi,RR
33.54,LRM8_G_underwoodi,RR
33.8,LRM8_G_underwoodi,RR
33.98,LRM8_G_underwoodi,RR
34.08,LRM8_G_underwoodi,RR
34.16,LRM8_G_underwoodi,RR
34.17,LRM8_G_underwoodi,RR
34.25,LRM8_G_underwoodi,RR
34.22,LRM8_G_underwoodi,RR
34.11,LRM8_G_underwoodi,RR
33.93,LRM8_G_underwoodi,RR
34.07,LRM8_G_underwoodi,RR
34.25,LRM8_G_underwoodi,RR
34.27,LRM8_G_underwoodi,RR
34.03,LRM8_G_underwoodi,RR
33.88,LRM8_G_underwoodi,RR
33.79,LRM8_G_underwoodi,RR
33.63,LRM8_G_underwoodi,RR
33.61,LRM8_G_underwoodi,RR
33.81,LRM8_G_underwoodi,RR
32.63,LRM8_G_underwoodi,RR
32.82,LRM8_G_underwoodi,RR
31.36,LRM8_G_underwoodi,RR
30.79,LRM8_G_underwoodi,RR
30.43,LRM8_G_underwoodi,RR
30.08,LRM8_G_underwoodi,RR
29.82,LRM8_G_underwoodi,RR
29.7,LRM8_G_underwoodi,RR
29.45,LRM8_G_underwoodi,RR
29.31,LRM8_G_underwoodi,RR
29.19,LRM8_G_underwoodi,RR
29.13,LRM8_G_underwoodi,RR
29.08,LRM8_G_underwoodi,RR
29.73,LRM8_G_underwoodi,RR
30.54,LRM8_G_underwoodi,RR
30.98,LRM8_G_underwoodi,RR
31.51,LRM8_G_underwoodi,RR
32.06,LRM8_G_underwoodi,RR
32.73,LRM8_G_underwoodi,RR
33.21,LRM8_G_underwoodi,RR
33.69,LRM8_G_underwoodi,RR
33.92,LRM8_G_underwoodi,RR
33.81,LRM8_G_underwoodi,RR
34,LRM8_G_underwoodi,RR
34.37,LRM8_G_underwoodi,RR
34.58,LRM8_G_underwoodi,RR
34.67,LRM8_G_underwoodi,RR
34.63,LRM8_G_underwoodi,RR
34.6,LRM8_G_underwoodi,RR
34.52,LRM8_G_underwoodi,RR
34.53,LRM8_G_underwoodi,RR
34.63,LRM8_G_underwoodi,RR
34.82,LRM8_G_underwoodi,RR
34.87,LRM8_G_underwoodi,RR
34.94,LRM8_G_underwoodi,RR
34.95,LRM8_G_underwoodi,RR
34.93,LRM8_G_underwoodi,RR
34.82,LRM8_G_underwoodi,RR
34.87,LRM8_G_underwoodi,RR
34.42,LRM8_G_underwoodi,RR
34.34,LRM8_G_underwoodi,RR
34.17,LRM8_G_underwoodi,RR
34.29,LRM8_G_underwoodi,RR
34.51,LRM8_G_underwoodi,RR
34.61,LRM8_G_underwoodi,RR
34.56,LRM8_G_underwoodi,RR
34.46,LRM8_G_underwoodi,RR
34.18,LRM8_G_underwoodi,RR
34.21,LRM8_G_underwoodi,RR
34.24,LRM8_G_underwoodi,RR
34.35,LRM8_G_underwoodi,RR
34.55,LRM8_G_underwoodi,RR
34.62,LRM8_G_underwoodi,RR
34.63,LRM8_G_underwoodi,RR
34.63,LRM8_G_underwoodi,RR
34.61,LRM8_G_underwoodi,RR
34.54,LRM8_G_underwoodi,RR
34.13,LRM8_G_underwoodi,RR
34.17,LRM8_G_underwoodi,RR
34.38,LRM8_G_underwoodi,RR
34.71,LRM8_G_underwoodi,RR
35.08,LRM8_G_underwoodi,RR
35.12,LRM8_G_underwoodi,RR
35.23,LRM8_G_underwoodi,RR
35.4,LRM8_G_underwoodi,RR
35.52,LRM8_G_underwoodi,RR
35.6,LRM8_G_underwoodi,RR
35.61,LRM8_G_underwoodi,RR
35.45,LRM8_G_underwoodi,RR
35.41,LRM8_G_underwoodi,RR
35.3,LRM8_G_underwoodi,RR
35.4,LRM8_G_underwoodi,RR
35.05,LRM8_G_underwoodi,RR
34.51,LRM8_G_underwoodi,RR
34.34,LRM8_G_underwoodi,RR
34.36,LRM8_G_underwoodi,RR
34.23,LRM8_G_underwoodi,RR
34.38,LRM8_G_underwoodi,RR
34.3,LRM8_G_underwoodi,RR
34.23,LRM8_G_underwoodi,RR
34.43,LRM8_G_underwoodi,RR
33.95,LRM8_G_underwoodi,RR
34.98,LRM8_G_underwoodi,RR
34.11,LRM8_G_underwoodi,RR
34.09,LRM8_G_underwoodi,RR
34.58,LRM8_G_underwoodi,RR
34.79,LRM9_G_underwoodi,RR
34.77,LRM9_G_underwoodi,RR
34.69,LRM9_G_underwoodi,RR
34.77,LRM9_G_underwoodi,RR
34.97,LRM9_G_underwoodi,RR
34.54,LRM9_G_underwoodi,RR
34.46,LRM9_G_underwoodi,RR
34.45,LRM9_G_underwoodi,RR
34.49,LRM9_G_underwoodi,RR
34.46,LRM9_G_underwoodi,RR
34.43,LRM9_G_underwoodi,RR
34.5,LRM9_G_underwoodi,RR
34.51,LRM9_G_underwoodi,RR
34.29,LRM9_G_underwoodi,RR
34.55,LRM9_G_underwoodi,RR
34.54,LRM9_G_underwoodi,RR
34.51,LRM9_G_underwoodi,RR
34.6,LRM9_G_underwoodi,RR
34.6,LRM9_G_underwoodi,RR
34.58,LRM9_G_underwoodi,RR
34.61,LRM9_G_underwoodi,RR
34.62,LRM9_G_underwoodi,RR
34.67,LRM9_G_underwoodi,RR
34.68,LRM9_G_underwoodi,RR
34.57,LRM9_G_underwoodi,RR
34.5,LRM9_G_underwoodi,RR
34.65,LRM9_G_underwoodi,RR
34.75,LRM9_G_underwoodi,RR
34.83,LRM9_G_underwoodi,RR
34.9,LRM9_G_underwoodi,RR
34.89,LRM9_G_underwoodi,RR
34.91,LRM9_G_underwoodi,RR
34.71,LRM9_G_underwoodi,RR
34.73,LRM9_G_underwoodi,RR
34.78,LRM9_G_underwoodi,RR
34.9,LRM9_G_underwoodi,RR
35.09,LRM9_G_underwoodi,RR
35.11,LRM9_G_underwoodi,RR
35.12,LRM9_G_underwoodi,RR
35.23,LRM9_G_underwoodi,RR
35.12,LRM9_G_underwoodi,RR
35.4,LRM9_G_underwoodi,RR
35.24,LRM9_G_underwoodi,RR
34.89,LRM9_G_underwoodi,RR
34.65,LRM9_G_underwoodi,RR
34.42,LRM9_G_underwoodi,RR
34.33,LRM9_G_underwoodi,RR
34.26,LRM9_G_underwoodi,RR
34.2,LRM9_G_underwoodi,RR
34.26,LRM9_G_underwoodi,RR
34.24,LRM9_G_underwoodi,RR
34.18,LRM9_G_underwoodi,RR
34.11,LRM9_G_underwoodi,RR
34.07,LRM9_G_underwoodi,RR
34.07,LRM9_G_underwoodi,RR
34.01,LRM9_G_underwoodi,RR
34.03,LRM9_G_underwoodi,RR
33.88,LRM9_G_underwoodi,RR
33.91,LRM9_G_underwoodi,RR
33.94,LRM9_G_underwoodi,RR
33.97,LRM9_G_underwoodi,RR
34.01,LRM9_G_underwoodi,RR
34.04,LRM9_G_underwoodi,RR
34.04,LRM9_G_underwoodi,RR
34.08,LRM9_G_underwoodi,RR
34.32,LRM9_G_underwoodi,RR
34.29,LRM9_G_underwoodi,RR
34.15,LRM9_G_underwoodi,RR
33.92,LRM9_G_underwoodi,RR
33.93,LRM9_G_underwoodi,RR
33.98,LRM9_G_underwoodi,RR
34.01,LRM9_G_underwoodi,RR
34.54,LRM9_G_underwoodi,RR
34.23,LRM9_G_underwoodi,RR
34.32,LRM9_G_underwoodi,RR
34.5,LRM9_G_underwoodi,RR
34.61,LRM9_G_underwoodi,RR
34.7,LRM9_G_underwoodi,RR
34.77,LRM9_G_underwoodi,RR
34.78,LRM9_G_underwoodi,RR
34.92,LRM9_G_underwoodi,RR
34.5,LRM9_G_underwoodi,RR
34.06,LRM9_G_underwoodi,RR
33.95,LRM9_G_underwoodi,RR
34.15,LRM9_G_underwoodi,RR
34.64,LRM9_G_underwoodi,RR
34.36,LRM9_G_underwoodi,RR
33.93,LRM9_G_underwoodi,RR
34.24,LRM9_G_underwoodi,RR
34.43,LRM9_G_underwoodi,RR
34.83,LRM9_G_underwoodi,RR
35.12,LRM9_G_underwoodi,RR
35.25,LRM9_G_underwoodi,RR
35.49,LRM9_G_underwoodi,RR
35.86,LRM9_G_underwoodi,RR
35.99,LRM9_G_underwoodi,RR
35.97,LRM9_G_underwoodi,RR
35.97,LRM9_G_underwoodi,RR
36.02,LRM9_G_underwoodi,RR
36.07,LRM9_G_underwoodi,RR
36.08,LRM9_G_underwoodi,RR
36.06,LRM9_G_underwoodi,RR
35.84,LRM9_G_underwoodi,RR
32.92,LRM9_G_underwoodi,RR
34.6,LRM9_G_underwoodi,RR
34.89,LRM9_G_underwoodi,RR
35.24,LRM9_G_underwoodi,RR
35.37,LRM9_G_underwoodi,RR
35.5,LRM9_G_underwoodi,RR
35.53,LRM9_G_underwoodi,RR
35.76,LRM9_G_underwoodi,RR
36.3,LRM9_G_underwoodi,RR
36.46,LRM9_G_underwoodi,RR
36.53,LRM9_G_underwoodi,RR
36.73,LRM9_G_underwoodi,RR
36.84,LRM9_G_underwoodi,RR
36.87,LRM9_G_underwoodi,RR
36.87,LRM9_G_underwoodi,RR
37.12,LRM9_G_underwoodi,RR
37.33,LRM9_G_underwoodi,RR
31.2,LRM10_G_underwoodi,RR
31.12,LRM10_G_underwoodi,RR
31.04,LRM10_G_underwoodi,RR
31.05,LRM10_G_underwoodi,RR
31.03,LRM10_G_underwoodi,RR
31.01,LRM10_G_underwoodi,RR
30.98,LRM10_G_underwoodi,RR
30.18,LRM10_G_underwoodi,RR
31.25,LRM10_G_underwoodi,RR
31.98,LRM10_G_underwoodi,RR
30.22,LRM10_G_underwoodi,RR
29.5,LRM10_G_underwoodi,RR
29.09,LRM10_G_underwoodi,RR
28.81,LRM10_G_underwoodi,RR
28.64,LRM10_G_underwoodi,RR
28.44,LRM10_G_underwoodi,RR
28.35,LRM10_G_underwoodi,RR
28.28,LRM10_G_underwoodi,RR
28.23,LRM10_G_underwoodi,RR
28.18,LRM10_G_underwoodi,RR
28.14,LRM10_G_underwoodi,RR
28.09,LRM10_G_underwoodi,RR
28.04,LRM10_G_underwoodi,RR
28.01,LRM10_G_underwoodi,RR
28.05,LRM10_G_underwoodi,RR
28.07,LRM10_G_underwoodi,RR
27.96,LRM10_G_underwoodi,RR
28.03,LRM10_G_underwoodi,RR
28.07,LRM10_G_underwoodi,RR
28.07,LRM10_G_underwoodi,RR
28.06,LRM10_G_underwoodi,RR
28.03,LRM10_G_underwoodi,RR
28.08,LRM10_G_underwoodi,RR
28.13,LRM10_G_underwoodi,RR
28.17,LRM10_G_underwoodi,RR
28.2,LRM10_G_underwoodi,RR
28.17,LRM10_G_underwoodi,RR
28.21,LRM10_G_underwoodi,RR
28.19,LRM10_G_underwoodi,RR
28.18,LRM10_G_underwoodi,RR
28.22,LRM10_G_underwoodi,RR
28.32,LRM10_G_underwoodi,RR
28.64,LRM10_G_underwoodi,RR
28.98,LRM10_G_underwoodi,RR
29.25,LRM10_G_underwoodi,RR
29.41,LRM10_G_underwoodi,RR
29.51,LRM10_G_underwoodi,RR
29.58,LRM10_G_underwoodi,RR
29.65,LRM10_G_underwoodi,RR
29.71,LRM10_G_underwoodi,RR
29.75,LRM10_G_underwoodi,RR
29.8,LRM10_G_underwoodi,RR
29.83,LRM10_G_underwoodi,RR
29.85,LRM10_G_underwoodi,RR
29.88,LRM10_G_underwoodi,RR
29.96,LRM10_G_underwoodi,RR
30.13,LRM10_G_underwoodi,RR
30.06,LRM10_G_underwoodi,RR
29.96,LRM10_G_underwoodi,RR
29.99,LRM10_G_underwoodi,RR
30.47,LRM10_G_underwoodi,RR
30.71,LRM10_G_underwoodi,RR
30.57,LRM10_G_underwoodi,RR
30.13,LRM10_G_underwoodi,RR
29.92,LRM10_G_underwoodi,RR
29.84,LRM10_G_underwoodi,RR
29.91,LRM10_G_underwoodi,RR
30.03,LRM10_G_underwoodi,RR
30.32,LRM10_G_underwoodi,RR
30.66,LRM10_G_underwoodi,RR
31,LRM10_G_underwoodi,RR
31.24,LRM10_G_underwoodi,RR
31.48,LRM10_G_underwoodi,RR
31.64,LRM10_G_underwoodi,RR
31.79,LRM10_G_underwoodi,RR
31.91,LRM10_G_underwoodi,RR
32,LRM10_G_underwoodi,RR
32.15,LRM10_G_underwoodi,RR
32.09,LRM10_G_underwoodi,RR
32.09,LRM10_G_underwoodi,RR
32.1,LRM10_G_underwoodi,RR
32.13,LRM10_G_underwoodi,RR
32.15,LRM10_G_underwoodi,RR
32.16,LRM10_G_underwoodi,RR
32.18,LRM10_G_underwoodi,RR
32.23,LRM10_G_underwoodi,RR
32.35,LRM10_G_underwoodi,RR
32.39,LRM10_G_underwoodi,RR
32.42,LRM10_G_underwoodi,RR
32.28,LRM10_G_underwoodi,RR
32.48,LRM10_G_underwoodi,RR
32.34,LRM10_G_underwoodi,RR
32.2,LRM10_G_underwoodi,RR
32.21,LRM10_G_underwoodi,RR
32.17,LRM10_G_underwoodi,RR
32.19,LRM10_G_underwoodi,RR
32.18,LRM10_G_underwoodi,RR
32.16,LRM10_G_underwoodi,RR
32.12,LRM10_G_underwoodi,RR
32.1,LRM10_G_underwoodi,RR
32.12,LRM10_G_underwoodi,RR
32.13,LRM10_G_underwoodi,RR
32.13,LRM10_G_underwoodi,RR
32.2,LRM10_G_underwoodi,RR
32.27,LRM10_G_underwoodi,RR
31.18,LRM10_G_underwoodi,RR
31.32,LRM10_G_underwoodi,RR
30.75,LRM10_G_underwoodi,RR
30.33,LRM10_G_underwoodi,RR
30.01,LRM10_G_underwoodi,RR
29.86,LRM10_G_underwoodi,RR
29.83,LRM10_G_underwoodi,RR
29.79,LRM10_G_underwoodi,RR
29.75,LRM10_G_underwoodi,RR
29.69,LRM10_G_underwoodi,RR
29.62,LRM10_G_underwoodi,RR
29.65,LRM10_G_underwoodi,RR
29.75,LRM10_G_underwoodi,RR
29.83,LRM10_G_underwoodi,RR
29.24,LRM10_G_underwoodi,RR
33.51,LRM12_G_underwoodi,RR
33.51,LRM12_G_underwoodi,RR
33.5,LRM12_G_underwoodi,RR
33.52,LRM12_G_underwoodi,RR
33.51,LRM12_G_underwoodi,RR
33.5,LRM12_G_underwoodi,RR
33.53,LRM12_G_underwoodi,RR
33.54,LRM12_G_underwoodi,RR
33.37,LRM12_G_underwoodi,RR
33.25,LRM12_G_underwoodi,RR
33.15,LRM12_G_underwoodi,RR
33.08,LRM12_G_underwoodi,RR
33.02,LRM12_G_underwoodi,RR
33.08,LRM12_G_underwoodi,RR
33.19,LRM12_G_underwoodi,RR
33.18,LRM12_G_underwoodi,RR
33.1,LRM12_G_underwoodi,RR
33.18,LRM12_G_underwoodi,RR
33.44,LRM12_G_underwoodi,RR
33.63,LRM12_G_underwoodi,RR
33.62,LRM12_G_underwoodi,RR
33.61,LRM12_G_underwoodi,RR
33.47,LRM12_G_underwoodi,RR
33.5,LRM12_G_underwoodi,RR
33.71,LRM12_G_underwoodi,RR
33.83,LRM12_G_underwoodi,RR
33.83,LRM12_G_underwoodi,RR
33.71,LRM12_G_underwoodi,RR
33.61,LRM12_G_underwoodi,RR
33.6,LRM12_G_underwoodi,RR
32.72,LRM12_G_underwoodi,RR
30.3,LRM12_G_underwoodi,RR
29.62,LRM12_G_underwoodi,RR
29.86,LRM12_G_underwoodi,RR
30.19,LRM12_G_underwoodi,RR
30.56,LRM12_G_underwoodi,RR
31.07,LRM12_G_underwoodi,RR
31.52,LRM12_G_underwoodi,RR
31.86,LRM12_G_underwoodi,RR
32.14,LRM12_G_underwoodi,RR
32.56,LRM12_G_underwoodi,RR
32.97,LRM12_G_underwoodi,RR
33.17,LRM12_G_underwoodi,RR
33.37,LRM12_G_underwoodi,RR
33.49,LRM12_G_underwoodi,RR
33.61,LRM12_G_underwoodi,RR
33.74,LRM12_G_underwoodi,RR
33.81,LRM12_G_underwoodi,RR
33.84,LRM12_G_underwoodi,RR
33.83,LRM12_G_underwoodi,RR
33.83,LRM12_G_underwoodi,RR
33.81,LRM12_G_underwoodi,RR
33.85,LRM12_G_underwoodi,RR
33.84,LRM12_G_underwoodi,RR
33.45,LRM12_G_underwoodi,RR
33.33,LRM12_G_underwoodi,RR
33.56,LRM12_G_underwoodi,RR
33.28,LRM12_G_underwoodi,RR
32.65,LRM12_G_underwoodi,RR
32.2,LRM12_G_underwoodi,RR
31.88,LRM12_G_underwoodi,RR
31.7,LRM12_G_underwoodi,RR
31.55,LRM12_G_underwoodi,RR
31.48,LRM12_G_underwoodi,RR
31.4,LRM12_G_underwoodi,RR
28.98,LRM12_G_underwoodi,RR
27.48,LRM12_G_underwoodi,RR
27.85,LRM12_G_underwoodi,RR
28.7,LRM12_G_underwoodi,RR
29.09,LRM12_G_underwoodi,RR
29.4,LRM12_G_underwoodi,RR
29.64,LRM12_G_underwoodi,RR
29.77,LRM12_G_underwoodi,RR
30.06,LRM12_G_underwoodi,RR
30.22,LRM12_G_underwoodi,RR
30.41,LRM12_G_underwoodi,RR
30.74,LRM12_G_underwoodi,RR
31.14,LRM12_G_underwoodi,RR
31.54,LRM12_G_underwoodi,RR
31.83,LRM12_G_underwoodi,RR
32.11,LRM12_G_underwoodi,RR
32.25,LRM12_G_underwoodi,RR
31.63,LRM12_G_underwoodi,RR
31.74,LRM12_G_underwoodi,RR
31.83,LRM12_G_underwoodi,RR
31.9,LRM12_G_underwoodi,RR
31.95,LRM12_G_underwoodi,RR
31.98,LRM12_G_underwoodi,RR
32.07,LRM12_G_underwoodi,RR
32.16,LRM12_G_underwoodi,RR
32.15,LRM12_G_underwoodi,RR
32.14,LRM12_G_underwoodi,RR
32.11,LRM12_G_underwoodi,RR
32.09,LRM12_G_underwoodi,RR
32.07,LRM12_G_underwoodi,RR
33.19,LRM12_G_underwoodi,RR
32.59,LRM12_G_underwoodi,RR
32.25,LRM12_G_underwoodi,RR
32.1,LRM12_G_underwoodi,RR
32.02,LRM12_G_underwoodi,RR
32.01,LRM12_G_underwoodi,RR
31.99,LRM12_G_underwoodi,RR
32.06,LRM12_G_underwoodi,RR
32.19,LRM12_G_underwoodi,RR
32.37,LRM12_G_underwoodi,RR
32.76,LRM12_G_underwoodi,RR
33.01,LRM12_G_underwoodi,RR
33.14,LRM12_G_underwoodi,RR
33.23,LRM12_G_underwoodi,RR
33.55,LRM12_G_underwoodi,RR
33.84,LRM12_G_underwoodi,RR
34.11,LRM12_G_underwoodi,RR
34.25,LRM12_G_underwoodi,RR
34.29,LRM12_G_underwoodi,RR
34.23,LRM12_G_underwoodi,RR
34.17,LRM12_G_underwoodi,RR
34.28,LRM12_G_underwoodi,RR
34.35,LRM12_G_underwoodi,RR
34.24,LRM12_G_underwoodi,RR
34.35,LRM12_G_underwoodi,RR
31.56,LRM13_G_underwoodi,RR
31.18,LRM13_G_underwoodi,RR
29.92,LRM13_G_underwoodi,RR
29.42,LRM13_G_underwoodi,RR
31.25,LRM13_G_underwoodi,RR
32.05,LRM13_G_underwoodi,RR
31.97,LRM13_G_underwoodi,RR
31.86,LRM13_G_underwoodi,RR
31.82,LRM13_G_underwoodi,RR
31.71,LRM13_G_underwoodi,RR
31.7,LRM13_G_underwoodi,RR
31.68,LRM13_G_underwoodi,RR
31.66,LRM13_G_underwoodi,RR
31.62,LRM13_G_underwoodi,RR
31.67,LRM13_G_underwoodi,RR
31.64,LRM13_G_underwoodi,RR
31.67,LRM13_G_underwoodi,RR
31.78,LRM13_G_underwoodi,RR
31.86,LRM13_G_underwoodi,RR
31.65,LRM13_G_underwoodi,RR
28.82,LRM13_G_underwoodi,RR
28.26,LRM13_G_underwoodi,RR
27.88,LRM13_G_underwoodi,RR
28.18,LRM13_G_underwoodi,RR
28.25,LRM13_G_underwoodi,RR
28.14,LRM13_G_underwoodi,RR
28.02,LRM13_G_underwoodi,RR
28.72,LRM13_G_underwoodi,RR
28.41,LRM13_G_underwoodi,RR
27.87,LRM13_G_underwoodi,RR
28.29,LRM13_G_underwoodi,RR
28.08,LRM13_G_underwoodi,RR
28.2,LRM13_G_underwoodi,RR
28.59,LRM13_G_underwoodi,RR
28.28,LRM13_G_underwoodi,RR
28.27,LRM13_G_underwoodi,RR
29.25,LRM13_G_underwoodi,RR
30.45,LRM13_G_underwoodi,RR
32.18,LRM13_G_underwoodi,RR
32.38,LRM13_G_underwoodi,RR
32.6,LRM13_G_underwoodi,RR
32.57,LRM13_G_underwoodi,RR
32.57,LRM13_G_underwoodi,RR
32.59,LRM13_G_underwoodi,RR
32.63,LRM13_G_underwoodi,RR
32.57,LRM13_G_underwoodi,RR
32.65,LRM13_G_underwoodi,RR
32.74,LRM13_G_underwoodi,RR
32.74,LRM13_G_underwoodi,RR
32.76,LRM13_G_underwoodi,RR
32.82,LRM13_G_underwoodi,RR
32.76,LRM13_G_underwoodi,RR
32.76,LRM13_G_underwoodi,RR
32.69,LRM13_G_underwoodi,RR
32.69,LRM13_G_underwoodi,RR
32.71,LRM13_G_underwoodi,RR
32.68,LRM13_G_underwoodi,RR
32.79,LRM13_G_underwoodi,RR
32.56,LRM13_G_underwoodi,RR
32.25,LRM13_G_underwoodi,RR
32.16,LRM13_G_underwoodi,RR
32.06,LRM13_G_underwoodi,RR
32,LRM13_G_underwoodi,RR
31.96,LRM13_G_underwoodi,RR
31.96,LRM13_G_underwoodi,RR
31.97,LRM13_G_underwoodi,RR
31.96,LRM13_G_underwoodi,RR
31.93,LRM13_G_underwoodi,RR
31.93,LRM13_G_underwoodi,RR
31.95,LRM13_G_underwoodi,RR
31.96,LRM13_G_underwoodi,RR
32.22,LRM13_G_underwoodi,RR
32.68,LRM13_G_underwoodi,RR
32.92,LRM13_G_underwoodi,RR
33.12,LRM13_G_underwoodi,RR
33.23,LRM13_G_underwoodi,RR
33.31,LRM13_G_underwoodi,RR
33.31,LRM13_G_underwoodi,RR
33.24,LRM13_G_underwoodi,RR
33.14,LRM13_G_underwoodi,RR
29.91,LRM13_G_underwoodi,RR
26.92,LRM13_G_underwoodi,RR
27.12,LRM13_G_underwoodi,RR
27.02,LRM13_G_underwoodi,RR
27.06,LRM13_G_underwoodi,RR
27.09,LRM13_G_underwoodi,RR
27.13,LRM13_G_underwoodi,RR
27.82,LRM13_G_underwoodi,RR
28.42,LRM13_G_underwoodi,RR
28.97,LRM13_G_underwoodi,RR
29.37,LRM13_G_underwoodi,RR
29.69,LRM13_G_underwoodi,RR
30.01,LRM13_G_underwoodi,RR
30.28,LRM13_G_underwoodi,RR
30.64,LRM13_G_underwoodi,RR
30.99,LRM13_G_underwoodi,RR
31.32,LRM13_G_underwoodi,RR
31.58,LRM13_G_underwoodi,RR
31.72,LRM13_G_underwoodi,RR
31.99,LRM13_G_underwoodi,RR
32.08,LRM13_G_underwoodi,RR
31.56,LRM13_G_underwoodi,RR
28.4,LRM13_G_underwoodi,RR
28.28,LRM13_G_underwoodi,RR
27.17,LRM13_G_underwoodi,RR
25.42,LRM13_G_underwoodi,RR
26.3,LRM13_G_underwoodi,RR
26.73,LRM13_G_underwoodi,RR
27.08,LRM13_G_underwoodi,RR
27.28,LRM13_G_underwoodi,RR
27.48,LRM13_G_underwoodi,RR
27.68,LRM13_G_underwoodi,RR
28.44,LRM13_G_underwoodi,RR
29,LRM13_G_underwoodi,RR
29.39,LRM13_G_underwoodi,RR
29.77,LRM13_G_underwoodi,RR
30.04,LRM13_G_underwoodi,RR
30.21,LRM13_G_underwoodi,RR
30.41,LRM13_G_underwoodi,RR
31.17,LRM13_G_underwoodi,RR
31.82,LRM14_G_underwoodi,RR
31.83,LRM14_G_underwoodi,RR
31.79,LRM14_G_underwoodi,RR
31.81,LRM14_G_underwoodi,RR
31.73,LRM14_G_underwoodi,RR
31.79,LRM14_G_underwoodi,RR
31.85,LRM14_G_underwoodi,RR
31.83,LRM14_G_underwoodi,RR
31.82,LRM14_G_underwoodi,RR
31.78,LRM14_G_underwoodi,RR
31.87,LRM14_G_underwoodi,RR
31.81,LRM14_G_underwoodi,RR
31.73,LRM14_G_underwoodi,RR
31.66,LRM14_G_underwoodi,RR
31.65,LRM14_G_underwoodi,RR
31.64,LRM14_G_underwoodi,RR
31.61,LRM14_G_underwoodi,RR
31.93,LRM14_G_underwoodi,RR
32.09,LRM14_G_underwoodi,RR
32.32,LRM14_G_underwoodi,RR
32.23,LRM14_G_underwoodi,RR
32.03,LRM14_G_underwoodi,RR
31.9,LRM14_G_underwoodi,RR
31.88,LRM14_G_underwoodi,RR
31.98,LRM14_G_underwoodi,RR
32.06,LRM14_G_underwoodi,RR
32.07,LRM14_G_underwoodi,RR
32.14,LRM14_G_underwoodi,RR
32.16,LRM14_G_underwoodi,RR
32.15,LRM14_G_underwoodi,RR
32.17,LRM14_G_underwoodi,RR
32.14,LRM14_G_underwoodi,RR
32.19,LRM14_G_underwoodi,RR
32.21,LRM14_G_underwoodi,RR
32.24,LRM14_G_underwoodi,RR
32.29,LRM14_G_underwoodi,RR
32.23,LRM14_G_underwoodi,RR
31.85,LRM14_G_underwoodi,RR
31.61,LRM14_G_underwoodi,RR
31.51,LRM14_G_underwoodi,RR
31.6,LRM14_G_underwoodi,RR
31.83,LRM14_G_underwoodi,RR
32.05,LRM14_G_underwoodi,RR
32.15,LRM14_G_underwoodi,RR
32.18,LRM14_G_underwoodi,RR
32.2,LRM14_G_underwoodi,RR
32.22,LRM14_G_underwoodi,RR
32.24,LRM14_G_underwoodi,RR
32.37,LRM14_G_underwoodi,RR
32.73,LRM14_G_underwoodi,RR
33.16,LRM14_G_underwoodi,RR
33.46,LRM14_G_underwoodi,RR
33.7,LRM14_G_underwoodi,RR
33.85,LRM14_G_underwoodi,RR
33.96,LRM14_G_underwoodi,RR
34.07,LRM14_G_underwoodi,RR
34.14,LRM14_G_underwoodi,RR
33.88,LRM14_G_underwoodi,RR
32.75,LRM14_G_underwoodi,RR
32.38,LRM14_G_underwoodi,RR
32.35,LRM14_G_underwoodi,RR
32.26,LRM14_G_underwoodi,RR
32.23,LRM14_G_underwoodi,RR
32.21,LRM14_G_underwoodi,RR
32.21,LRM14_G_underwoodi,RR
32.21,LRM14_G_underwoodi,RR
32.19,LRM14_G_underwoodi,RR
32.17,LRM14_G_underwoodi,RR
32.27,LRM14_G_underwoodi,RR
32.59,LRM14_G_underwoodi,RR
32.9,LRM14_G_underwoodi,RR
32.99,LRM14_G_underwoodi,RR
33.03,LRM14_G_underwoodi,RR
33.06,LRM14_G_underwoodi,RR
30.52,LRM14_G_underwoodi,RR
28.66,LRM14_G_underwoodi,RR
27.62,LRM14_G_underwoodi,RR
27.16,LRM14_G_underwoodi,RR
27.06,LRM14_G_underwoodi,RR
27.01,LRM14_G_underwoodi,RR
27,LRM14_G_underwoodi,RR
27.07,LRM14_G_underwoodi,RR
29.11,LRM14_G_underwoodi,RR
29.78,LRM14_G_underwoodi,RR
29.15,LRM14_G_underwoodi,RR
29.04,LRM14_G_underwoodi,RR
29.09,LRM14_G_underwoodi,RR
29.33,LRM14_G_underwoodi,RR
29.47,LRM14_G_underwoodi,RR
29.56,LRM14_G_underwoodi,RR
29.77,LRM14_G_underwoodi,RR
29.86,LRM14_G_underwoodi,RR
29.96,LRM14_G_underwoodi,RR
30.1,LRM14_G_underwoodi,RR
30.21,LRM14_G_underwoodi,RR
30.24,LRM14_G_underwoodi,RR
30.38,LRM14_G_underwoodi,RR
30.47,LRM14_G_underwoodi,RR
30.53,LRM14_G_underwoodi,RR
30.59,LRM14_G_underwoodi,RR
30.68,LRM14_G_underwoodi,RR
31.1,LRM14_G_underwoodi,RR
31.68,LRM14_G_underwoodi,RR
32.06,LRM14_G_underwoodi,RR
32.32,LRM14_G_underwoodi,RR
32.48,LRM14_G_underwoodi,RR
32.64,LRM14_G_underwoodi,RR
32.81,LRM14_G_underwoodi,RR
32.94,LRM14_G_underwoodi,RR
33.08,LRM14_G_underwoodi,RR
33.21,LRM14_G_underwoodi,RR
33.35,LRM14_G_underwoodi,RR
33.43,LRM14_G_underwoodi,RR
33.46,LRM14_G_underwoodi,RR
33.51,LRM14_G_underwoodi,RR
33.58,LRM14_G_underwoodi,RR
33.6,LRM14_G_underwoodi,RR
33.68,LRM14_G_underwoodi,RR
33.73,LRM14_G_underwoodi,RR
30.87,LRM14_G_underwoodi,RR
32.37,LRM16_G_underwoodi,RR
32.34,LRM16_G_underwoodi,RR
32.32,LRM16_G_underwoodi,RR
32.29,LRM16_G_underwoodi,RR
32.25,LRM16_G_underwoodi,RR
32.26,LRM16_G_underwoodi,RR
32.28,LRM16_G_underwoodi,RR
32.31,LRM16_G_underwoodi,RR
32.33,LRM16_G_underwoodi,RR
32.35,LRM16_G_underwoodi,RR
32.35,LRM16_G_underwoodi,RR
32.39,LRM16_G_underwoodi,RR
32.38,LRM16_G_underwoodi,RR
32.36,LRM16_G_underwoodi,RR
32.38,LRM16_G_underwoodi,RR
32.31,LRM16_G_underwoodi,RR
32.36,LRM16_G_underwoodi,RR
32.44,LRM16_G_underwoodi,RR
32.6,LRM16_G_underwoodi,RR
32.86,LRM16_G_underwoodi,RR
33.04,LRM16_G_underwoodi,RR
32.95,LRM16_G_underwoodi,RR
32.75,LRM16_G_underwoodi,RR
32.59,LRM16_G_underwoodi,RR
32.52,LRM16_G_underwoodi,RR
32.49,LRM16_G_underwoodi,RR
32.49,LRM16_G_underwoodi,RR
32.46,LRM16_G_underwoodi,RR
32.47,LRM16_G_underwoodi,RR
32.46,LRM16_G_underwoodi,RR
32.53,LRM16_G_underwoodi,RR
32.76,LRM16_G_underwoodi,RR
32.77,LRM16_G_underwoodi,RR
32.77,LRM16_G_underwoodi,RR
32.76,LRM16_G_underwoodi,RR
32.76,LRM16_G_underwoodi,RR
32.68,LRM16_G_underwoodi,RR
32.43,LRM16_G_underwoodi,RR
32.37,LRM16_G_underwoodi,RR
32.35,LRM16_G_underwoodi,RR
32.32,LRM16_G_underwoodi,RR
32.66,LRM16_G_underwoodi,RR
32.56,LRM16_G_underwoodi,RR
32.71,LRM16_G_underwoodi,RR
32.66,LRM16_G_underwoodi,RR
32.19,LRM16_G_underwoodi,RR
31.98,LRM16_G_underwoodi,RR
31.79,LRM16_G_underwoodi,RR
31.65,LRM16_G_underwoodi,RR
31.68,LRM16_G_underwoodi,RR
32.13,LRM16_G_underwoodi,RR
32.36,LRM16_G_underwoodi,RR
32.42,LRM16_G_underwoodi,RR
32.67,LRM16_G_underwoodi,RR
32.85,LRM16_G_underwoodi,RR
32.83,LRM16_G_underwoodi,RR
32.75,LRM16_G_underwoodi,RR
32.72,LRM16_G_underwoodi,RR
32.67,LRM16_G_underwoodi,RR
32.7,LRM16_G_underwoodi,RR
33.17,LRM16_G_underwoodi,RR
33.33,LRM16_G_underwoodi,RR
33.24,LRM16_G_underwoodi,RR
33.19,LRM16_G_underwoodi,RR
33.16,LRM16_G_underwoodi,RR
33.19,LRM16_G_underwoodi,RR
33.04,LRM16_G_underwoodi,RR
32.72,LRM16_G_underwoodi,RR
32.76,LRM16_G_underwoodi,RR
32.83,LRM16_G_underwoodi,RR
32.85,LRM16_G_underwoodi,RR
32.92,LRM16_G_underwoodi,RR
33.28,LRM16_G_underwoodi,RR
33.31,LRM16_G_underwoodi,RR
33.04,LRM16_G_underwoodi,RR
33.15,LRM16_G_underwoodi,RR
33.18,LRM16_G_underwoodi,RR
33.21,LRM16_G_underwoodi,RR
33.11,LRM16_G_underwoodi,RR
33.09,LRM16_G_underwoodi,RR
33.04,LRM16_G_underwoodi,RR
32.71,LRM16_G_underwoodi,RR
31.98,LRM16_G_underwoodi,RR
31.71,LRM16_G_underwoodi,RR
31.53,LRM16_G_underwoodi,RR
31.79,LRM16_G_underwoodi,RR
32.26,LRM16_G_underwoodi,RR
32.58,LRM16_G_underwoodi,RR
32.77,LRM16_G_underwoodi,RR
33.01,LRM16_G_underwoodi,RR
33.13,LRM16_G_underwoodi,RR
33.44,LRM16_G_underwoodi,RR
33.42,LRM16_G_underwoodi,RR
33.46,LRM16_G_underwoodi,RR
33.5,LRM16_G_underwoodi,RR
33.51,LRM16_G_underwoodi,RR
33.5,LRM16_G_underwoodi,RR
33.42,LRM16_G_underwoodi,RR
33.54,LRM16_G_underwoodi,RR
33.67,LRM16_G_underwoodi,RR
33.72,LRM16_G_underwoodi,RR
33.79,LRM16_G_underwoodi,RR
33.83,LRM16_G_underwoodi,RR
33.67,LRM16_G_underwoodi,RR
33.63,LRM16_G_underwoodi,RR
32.74,LRM16_G_underwoodi,RR
31.66,LRM16_G_underwoodi,RR
30.69,LRM16_G_underwoodi,RR
30.13,LRM16_G_underwoodi,RR
29.79,LRM16_G_underwoodi,RR
29.61,LRM16_G_underwoodi,RR
29.49,LRM16_G_underwoodi,RR
29.43,LRM16_G_underwoodi,RR
30.08,LRM16_G_underwoodi,RR
31.7,LRM16_G_underwoodi,RR
31.3,LRM16_G_underwoodi,RR
32.67,LRM16_G_underwoodi,RR
32.74,LRM16_G_underwoodi,RR
32.91,LRM16_G_underwoodi,RR
31.33,LRM16_G_underwoodi,RR
28.47,LRM17_G_underwoodi,RR
27.64,LRM17_G_underwoodi,RR
26.45,LRM17_G_underwoodi,RR
24.58,LRM17_G_underwoodi,RR
23.37,LRM17_G_underwoodi,RR
25.22,LRM17_G_underwoodi,RR
29.17,LRM17_G_underwoodi,RR
29.61,LRM17_G_underwoodi,RR
30.21,LRM17_G_underwoodi,RR
30.58,LRM17_G_underwoodi,RR
30.9,LRM17_G_underwoodi,RR
31.15,LRM17_G_underwoodi,RR
31.3,LRM17_G_underwoodi,RR
31.41,LRM17_G_underwoodi,RR
31.49,LRM17_G_underwoodi,RR
31.58,LRM17_G_underwoodi,RR
31.66,LRM17_G_underwoodi,RR
31.95,LRM17_G_underwoodi,RR
32.18,LRM17_G_underwoodi,RR
32.31,LRM17_G_underwoodi,RR
32.45,LRM17_G_underwoodi,RR
32.57,LRM17_G_underwoodi,RR
32.61,LRM17_G_underwoodi,RR
32.63,LRM17_G_underwoodi,RR
32.67,LRM17_G_underwoodi,RR
32.69,LRM17_G_underwoodi,RR
32.74,LRM17_G_underwoodi,RR
32.86,LRM17_G_underwoodi,RR
32.91,LRM17_G_underwoodi,RR
32.87,LRM17_G_underwoodi,RR
32.78,LRM17_G_underwoodi,RR
32.75,LRM17_G_underwoodi,RR
32.72,LRM17_G_underwoodi,RR
32.73,LRM17_G_underwoodi,RR
32.4,LRM17_G_underwoodi,RR
32.03,LRM17_G_underwoodi,RR
31.77,LRM17_G_underwoodi,RR
31.6,LRM17_G_underwoodi,RR
31.55,LRM17_G_underwoodi,RR
31.53,LRM17_G_underwoodi,RR
31.59,LRM17_G_underwoodi,RR
31.64,LRM17_G_underwoodi,RR
31.68,LRM17_G_underwoodi,RR
31.16,LRM17_G_underwoodi,RR
30.68,LRM17_G_underwoodi,RR
30.43,LRM17_G_underwoodi,RR
30.4,LRM17_G_underwoodi,RR
30.3,LRM17_G_underwoodi,RR
30.31,LRM17_G_underwoodi,RR
30.33,LRM17_G_underwoodi,RR
30.33,LRM17_G_underwoodi,RR
30.33,LRM17_G_underwoodi,RR
30.31,LRM17_G_underwoodi,RR
30.3,LRM17_G_underwoodi,RR
30.32,LRM17_G_underwoodi,RR
30.32,LRM17_G_underwoodi,RR
30.31,LRM17_G_underwoodi,RR
30.3,LRM17_G_underwoodi,RR
30.26,LRM17_G_underwoodi,RR
30.24,LRM17_G_underwoodi,RR
30.24,LRM17_G_underwoodi,RR
30.41,LRM17_G_underwoodi,RR
30.77,LRM17_G_underwoodi,RR
31.07,LRM17_G_underwoodi,RR
31.52,LRM17_G_underwoodi,RR
31.86,LRM17_G_underwoodi,RR
31.99,LRM17_G_underwoodi,RR
32.04,LRM17_G_underwoodi,RR
31.88,LRM17_G_underwoodi,RR
31.84,LRM17_G_underwoodi,RR
31.76,LRM17_G_underwoodi,RR
31.68,LRM17_G_underwoodi,RR
31.61,LRM17_G_underwoodi,RR
31.6,LRM17_G_underwoodi,RR
31.7,LRM17_G_underwoodi,RR
31.77,LRM17_G_underwoodi,RR
31.61,LRM17_G_underwoodi,RR
31,LRM17_G_underwoodi,RR
30.64,LRM17_G_underwoodi,RR
30.46,LRM17_G_underwoodi,RR
30.36,LRM17_G_underwoodi,RR
30.19,LRM17_G_underwoodi,RR
30.61,LRM17_G_underwoodi,RR
31.06,LRM17_G_underwoodi,RR
31.31,LRM17_G_underwoodi,RR
31.44,LRM17_G_underwoodi,RR
31.51,LRM17_G_underwoodi,RR
31.59,LRM17_G_underwoodi,RR
31.72,LRM17_G_underwoodi,RR
31.82,LRM17_G_underwoodi,RR
31.92,LRM17_G_underwoodi,RR
31.52,LRM17_G_underwoodi,RR
31.12,LRM17_G_underwoodi,RR
30.93,LRM17_G_underwoodi,RR
30.77,LRM17_G_underwoodi,RR
30.79,LRM17_G_underwoodi,RR
30.71,LRM17_G_underwoodi,RR
30.74,LRM17_G_underwoodi,RR
30.67,LRM17_G_underwoodi,RR
30.59,LRM17_G_underwoodi,RR
30.79,LRM17_G_underwoodi,RR
31.1,LRM17_G_underwoodi,RR
31.35,LRM17_G_underwoodi,RR
32.16,LRM17_G_underwoodi,RR
32.38,LRM17_G_underwoodi,RR
32.45,LRM17_G_underwoodi,RR
32.51,LRM17_G_underwoodi,RR
32.71,LRM17_G_underwoodi,RR
33.19,LRM17_G_underwoodi,RR
33.73,LRM17_G_underwoodi,RR
34.07,LRM17_G_underwoodi,RR
33.21,LRM17_G_underwoodi,RR
31.85,LRM17_G_underwoodi,RR
30.97,LRM17_G_underwoodi,RR
30.48,LRM17_G_underwoodi,RR
30.14,LRM17_G_underwoodi,RR
29.92,LRM17_G_underwoodi,RR
30.35,LRM17_G_underwoodi,RR
30.86,LRM17_G_underwoodi,RR
30.91,LRM17_G_underwoodi,RR
33.87,LRM18_G_underwoodi,RR
33.82,LRM18_G_underwoodi,RR
33.79,LRM18_G_underwoodi,RR
33.74,LRM18_G_underwoodi,RR
33.92,LRM18_G_underwoodi,RR
33.79,LRM18_G_underwoodi,RR
33.77,LRM18_G_underwoodi,RR
33.94,LRM18_G_underwoodi,RR
34.16,LRM18_G_underwoodi,RR
34.27,LRM18_G_underwoodi,RR
34.36,LRM18_G_underwoodi,RR
33.98,LRM18_G_underwoodi,RR
33.88,LRM18_G_underwoodi,RR
33.77,LRM18_G_underwoodi,RR
33.26,LRM18_G_underwoodi,RR
33,LRM18_G_underwoodi,RR
32.92,LRM18_G_underwoodi,RR
32.91,LRM18_G_underwoodi,RR
32.96,LRM18_G_underwoodi,RR
33.24,LRM18_G_underwoodi,RR
33.43,LRM18_G_underwoodi,RR
33.73,LRM18_G_underwoodi,RR
33.87,LRM18_G_underwoodi,RR
33.92,LRM18_G_underwoodi,RR
34.31,LRM18_G_underwoodi,RR
34.84,LRM18_G_underwoodi,RR
35.21,LRM18_G_underwoodi,RR
35.52,LRM18_G_underwoodi,RR
35.84,LRM18_G_underwoodi,RR
35.93,LRM18_G_underwoodi,RR
35.94,LRM18_G_underwoodi,RR
35.79,LRM18_G_underwoodi,RR
35.53,LRM18_G_underwoodi,RR
35.35,LRM18_G_underwoodi,RR
35.02,LRM18_G_underwoodi,RR
34.67,LRM18_G_underwoodi,RR
34.46,LRM18_G_underwoodi,RR
34.35,LRM18_G_underwoodi,RR
34.28,LRM18_G_underwoodi,RR
34.22,LRM18_G_underwoodi,RR
34.21,LRM18_G_underwoodi,RR
34.32,LRM18_G_underwoodi,RR
34.28,LRM18_G_underwoodi,RR
34.32,LRM18_G_underwoodi,RR
34.54,LRM18_G_underwoodi,RR
34.75,LRM18_G_underwoodi,RR
34.83,LRM18_G_underwoodi,RR
35.01,LRM18_G_underwoodi,RR
35.17,LRM18_G_underwoodi,RR
35.14,LRM18_G_underwoodi,RR
34.91,LRM18_G_underwoodi,RR
34.47,LRM18_G_underwoodi,RR
33.82,LRM18_G_underwoodi,RR
33.36,LRM18_G_underwoodi,RR
32.98,LRM18_G_underwoodi,RR
32.81,LRM18_G_underwoodi,RR
32.81,LRM18_G_underwoodi,RR
32.89,LRM18_G_underwoodi,RR
32.87,LRM18_G_underwoodi,RR
32.67,LRM18_G_underwoodi,RR
32.68,LRM18_G_underwoodi,RR
32.7,LRM18_G_underwoodi,RR
32.72,LRM18_G_underwoodi,RR
32.66,LRM18_G_underwoodi,RR
32.74,LRM18_G_underwoodi,RR
33.17,LRM18_G_underwoodi,RR
33.59,LRM18_G_underwoodi,RR
33.9,LRM18_G_underwoodi,RR
34.14,LRM18_G_underwoodi,RR
34.28,LRM18_G_underwoodi,RR
34.4,LRM18_G_underwoodi,RR
34.48,LRM18_G_underwoodi,RR
34.66,LRM18_G_underwoodi,RR
35.14,LRM18_G_underwoodi,RR
35.54,LRM18_G_underwoodi,RR
35.2,LRM18_G_underwoodi,RR
34.88,LRM18_G_underwoodi,RR
34.81,LRM18_G_underwoodi,RR
34.76,LRM18_G_underwoodi,RR
34.84,LRM18_G_underwoodi,RR
34.81,LRM18_G_underwoodi,RR
34.86,LRM18_G_underwoodi,RR
34.9,LRM18_G_underwoodi,RR
35.16,LRM18_G_underwoodi,RR
35.35,LRM18_G_underwoodi,RR
34.93,LRM18_G_underwoodi,RR
34.71,LRM18_G_underwoodi,RR
34.62,LRM18_G_underwoodi,RR
34.27,LRM18_G_underwoodi,RR
34.06,LRM18_G_underwoodi,RR
33.93,LRM18_G_underwoodi,RR
34.16,LRM18_G_underwoodi,RR
34.54,LRM18_G_underwoodi,RR
34.72,LRM18_G_underwoodi,RR
34.78,LRM18_G_underwoodi,RR
34.71,LRM18_G_underwoodi,RR
34.32,LRM18_G_underwoodi,RR
34.16,LRM18_G_underwoodi,RR
34.2,LRM18_G_underwoodi,RR
34.28,LRM18_G_underwoodi,RR
34.41,LRM18_G_underwoodi,RR
34.67,LRM18_G_underwoodi,RR
35.03,LRM18_G_underwoodi,RR
35.21,LRM18_G_underwoodi,RR
35.21,LRM18_G_underwoodi,RR
35.17,LRM18_G_underwoodi,RR
34.94,LRM18_G_underwoodi,RR
34.83,LRM18_G_underwoodi,RR
35.08,LRM18_G_underwoodi,RR
35.15,LRM18_G_underwoodi,RR
35.01,LRM18_G_underwoodi,RR
34.83,LRM18_G_underwoodi,RR
34.07,LRM18_G_underwoodi,RR
32.96,LRM18_G_underwoodi,RR
32.28,LRM18_G_underwoodi,RR
32.23,LRM18_G_underwoodi,RR
32.22,LRM18_G_underwoodi,RR
32.27,LRM18_G_underwoodi,RR
32.28,LRM18_G_underwoodi,RR
32.48,LRM18_G_underwoodi,RR
30.95,LRM19_G_underwoodi,RR
30.67,LRM19_G_underwoodi,RR
30.65,LRM19_G_underwoodi,RR
30.93,LRM19_G_underwoodi,RR
31.22,LRM19_G_underwoodi,RR
31.61,LRM19_G_underwoodi,RR
32.02,LRM19_G_underwoodi,RR
32.43,LRM19_G_underwoodi,RR
32.79,LRM19_G_underwoodi,RR
33.12,LRM19_G_underwoodi,RR
33.44,LRM19_G_underwoodi,RR
33.78,LRM19_G_underwoodi,RR
33.96,LRM19_G_underwoodi,RR
34.1,LRM19_G_underwoodi,RR
34.14,LRM19_G_underwoodi,RR
34.08,LRM19_G_underwoodi,RR
33.97,LRM19_G_underwoodi,RR
33.86,LRM19_G_underwoodi,RR
33.82,LRM19_G_underwoodi,RR
33.79,LRM19_G_underwoodi,RR
34.1,LRM19_G_underwoodi,RR
30.62,LRM19_G_underwoodi,RR
30.87,LRM19_G_underwoodi,RR
31.48,LRM19_G_underwoodi,RR
31.84,LRM19_G_underwoodi,RR
32.24,LRM19_G_underwoodi,RR
32.18,LRM19_G_underwoodi,RR
32.34,LRM19_G_underwoodi,RR
32.56,LRM19_G_underwoodi,RR
32.93,LRM19_G_underwoodi,RR
33.26,LRM19_G_underwoodi,RR
33.66,LRM19_G_underwoodi,RR
34,LRM19_G_underwoodi,RR
34.26,LRM19_G_underwoodi,RR
34.37,LRM19_G_underwoodi,RR
31.42,LRM19_G_underwoodi,RR
30.3,LRM19_G_underwoodi,RR
30.79,LRM19_G_underwoodi,RR
30.87,LRM19_G_underwoodi,RR
31.01,LRM19_G_underwoodi,RR
31.17,LRM19_G_underwoodi,RR
31.66,LRM19_G_underwoodi,RR
31.98,LRM19_G_underwoodi,RR
32.04,LRM19_G_underwoodi,RR
32.41,LRM19_G_underwoodi,RR
32.81,LRM19_G_underwoodi,RR
33.07,LRM19_G_underwoodi,RR
33.44,LRM19_G_underwoodi,RR
33.71,LRM19_G_underwoodi,RR
33.88,LRM19_G_underwoodi,RR
33.98,LRM19_G_underwoodi,RR
34.15,LRM19_G_underwoodi,RR
34.06,LRM19_G_underwoodi,RR
34.09,LRM19_G_underwoodi,RR
34.38,LRM19_G_underwoodi,RR
34.55,LRM19_G_underwoodi,RR
34.71,LRM19_G_underwoodi,RR
34.91,LRM19_G_underwoodi,RR
35.04,LRM19_G_underwoodi,RR
34.98,LRM19_G_underwoodi,RR
35.07,LRM19_G_underwoodi,RR
34.98,LRM19_G_underwoodi,RR
35.02,LRM19_G_underwoodi,RR
35.05,LRM19_G_underwoodi,RR
35.06,LRM19_G_underwoodi,RR
34.96,LRM19_G_underwoodi,RR
35.08,LRM19_G_underwoodi,RR
34.96,LRM19_G_underwoodi,RR
34.42,LRM19_G_underwoodi,RR
34.28,LRM19_G_underwoodi,RR
34.28,LRM19_G_underwoodi,RR
34.67,LRM19_G_underwoodi,RR
34.94,LRM19_G_underwoodi,RR
35.08,LRM19_G_underwoodi,RR
33.88,LRM19_G_underwoodi,RR
31.04,LRM19_G_underwoodi,RR
30.66,LRM19_G_underwoodi,RR
30.78,LRM19_G_underwoodi,RR
30.97,LRM19_G_underwoodi,RR
31.2,LRM19_G_underwoodi,RR
31.43,LRM19_G_underwoodi,RR
31.65,LRM19_G_underwoodi,RR
31.76,LRM19_G_underwoodi,RR
32.24,LRM19_G_underwoodi,RR
32.59,LRM19_G_underwoodi,RR
32.87,LRM19_G_underwoodi,RR
33.2,LRM19_G_underwoodi,RR
33.7,LRM19_G_underwoodi,RR
34.2,LRM19_G_underwoodi,RR
34.39,LRM19_G_underwoodi,RR
34.53,LRM19_G_underwoodi,RR
34.38,LRM19_G_underwoodi,RR
34.42,LRM19_G_underwoodi,RR
34.04,LRM19_G_underwoodi,RR
33.06,LRM19_G_underwoodi,RR
32.55,LRM19_G_underwoodi,RR
32.24,LRM19_G_underwoodi,RR
31.99,LRM19_G_underwoodi,RR
31.8,LRM19_G_underwoodi,RR
31.64,LRM19_G_underwoodi,RR
31.59,LRM19_G_underwoodi,RR
31.56,LRM19_G_underwoodi,RR
31.74,LRM19_G_underwoodi,RR
32.08,LRM19_G_underwoodi,RR
32.57,LRM19_G_underwoodi,RR
33.37,LRM19_G_underwoodi,RR
33.93,LRM19_G_underwoodi,RR
34.33,LRM19_G_underwoodi,RR
34.67,LRM19_G_underwoodi,RR
34.83,LRM19_G_underwoodi,RR
34.96,LRM19_G_underwoodi,RR
35.22,LRM19_G_underwoodi,RR
35.06,LRM19_G_underwoodi,RR
35.18,LRM19_G_underwoodi,RR
35.15,LRM19_G_underwoodi,RR
35.38,LRM19_G_underwoodi,RR
35.57,LRM19_G_underwoodi,RR
35.62,LRM19_G_underwoodi,RR
35.77,LRM19_G_underwoodi,RR
35.85,LRM19_G_underwoodi,RR
32.24,LRM20_G_underwoodi,RR
32.26,LRM20_G_underwoodi,RR
32.22,LRM20_G_underwoodi,RR
32.25,LRM20_G_underwoodi,RR
32.27,LRM20_G_underwoodi,RR
32.29,LRM20_G_underwoodi,RR
32.38,LRM20_G_underwoodi,RR
32.32,LRM20_G_underwoodi,RR
32.37,LRM20_G_underwoodi,RR
32.41,LRM20_G_underwoodi,RR
32.47,LRM20_G_underwoodi,RR
32.39,LRM20_G_underwoodi,RR
32.41,LRM20_G_underwoodi,RR
32.3,LRM20_G_underwoodi,RR
32.37,LRM20_G_underwoodi,RR
32.39,LRM20_G_underwoodi,RR
32.44,LRM20_G_underwoodi,RR
32.29,LRM20_G_underwoodi,RR
32.31,LRM20_G_underwoodi,RR
32.3,LRM20_G_underwoodi,RR
32.38,LRM20_G_underwoodi,RR
32.29,LRM20_G_underwoodi,RR
32.27,LRM20_G_underwoodi,RR
32.27,LRM20_G_underwoodi,RR
32.09,LRM20_G_underwoodi,RR
32.1,LRM20_G_underwoodi,RR
32.44,LRM20_G_underwoodi,RR
32.36,LRM20_G_underwoodi,RR
32.54,LRM20_G_underwoodi,RR
32.35,LRM20_G_underwoodi,RR
32.38,LRM20_G_underwoodi,RR
32.61,LRM20_G_underwoodi,RR
32.68,LRM20_G_underwoodi,RR
32.83,LRM20_G_underwoodi,RR
33,LRM20_G_underwoodi,RR
33.18,LRM20_G_underwoodi,RR
33.18,LRM20_G_underwoodi,RR
33.13,LRM20_G_underwoodi,RR
33.3,LRM20_G_underwoodi,RR
33.62,LRM20_G_underwoodi,RR
33.83,LRM20_G_underwoodi,RR
33.84,LRM20_G_underwoodi,RR
33.5,LRM20_G_underwoodi,RR
32.05,LRM20_G_underwoodi,RR
31.99,LRM20_G_underwoodi,RR
32.19,LRM20_G_underwoodi,RR
32.47,LRM20_G_underwoodi,RR
32.87,LRM20_G_underwoodi,RR
33.21,LRM20_G_underwoodi,RR
33.52,LRM20_G_underwoodi,RR
33.51,LRM20_G_underwoodi,RR
33.99,LRM20_G_underwoodi,RR
34.16,LRM20_G_underwoodi,RR
34.08,LRM20_G_underwoodi,RR
34.01,LRM20_G_underwoodi,RR
33.71,LRM20_G_underwoodi,RR
33.32,LRM20_G_underwoodi,RR
33.1,LRM20_G_underwoodi,RR
32.88,LRM20_G_underwoodi,RR
32.72,LRM20_G_underwoodi,RR
32.59,LRM20_G_underwoodi,RR
32.55,LRM20_G_underwoodi,RR
32.5,LRM20_G_underwoodi,RR
32.44,LRM20_G_underwoodi,RR
32.63,LRM20_G_underwoodi,RR
32.82,LRM20_G_underwoodi,RR
33.04,LRM20_G_underwoodi,RR
33.36,LRM20_G_underwoodi,RR
33.7,LRM20_G_underwoodi,RR
33.94,LRM20_G_underwoodi,RR
33.91,LRM20_G_underwoodi,RR
34.17,LRM20_G_underwoodi,RR
34.25,LRM20_G_underwoodi,RR
34.22,LRM20_G_underwoodi,RR
34.31,LRM20_G_underwoodi,RR
34.24,LRM20_G_underwoodi,RR
34.4,LRM20_G_underwoodi,RR
29.95,LRM20_G_underwoodi,RR
27.13,LRM20_G_underwoodi,RR
25.73,LRM20_G_underwoodi,RR
24.62,LRM20_G_underwoodi,RR
23.94,LRM20_G_underwoodi,RR
23.05,LRM20_G_underwoodi,RR
22.93,LRM20_G_underwoodi,RR
22.71,LRM20_G_underwoodi,RR
22.56,LRM20_G_underwoodi,RR
22.37,LRM20_G_underwoodi,RR
22.38,LRM20_G_underwoodi,RR
23.47,LRM20_G_underwoodi,RR
22.3,LRM20_G_underwoodi,RR
22.1,LRM20_G_underwoodi,RR
21.95,LRM20_G_underwoodi,RR
21.64,LRM20_G_underwoodi,RR
21.53,LRM20_G_underwoodi,RR
21.39,LRM20_G_underwoodi,RR
21.13,LRM20_G_underwoodi,RR
21.14,LRM20_G_underwoodi,RR
21.16,LRM20_G_underwoodi,RR
21.17,LRM20_G_underwoodi,RR
21.09,LRM20_G_underwoodi,RR
21.02,LRM20_G_underwoodi,RR
21.1,LRM20_G_underwoodi,RR
21.13,LRM20_G_underwoodi,RR
21.19,LRM20_G_underwoodi,RR
21.17,LRM20_G_underwoodi,RR
21.23,LRM20_G_underwoodi,RR
21.54,LRM20_G_underwoodi,RR
21.5,LRM20_G_underwoodi,RR
21.45,LRM20_G_underwoodi,RR
21.7,LRM20_G_underwoodi,RR
21.49,LRM20_G_underwoodi,RR
21.53,LRM20_G_underwoodi,RR
21.71,LRM20_G_underwoodi,RR
21.86,LRM20_G_underwoodi,RR
21.68,LRM20_G_underwoodi,RR
22.17,LRM20_G_underwoodi,RR
26.67,LRM20_G_underwoodi,RR
28.03,LRM20_G_underwoodi,RR
29.01,LRM20_G_underwoodi,RR
29.59,LRM20_G_underwoodi,RR
34.02,LRM21_G_underwoodi,RR
33.99,LRM21_G_underwoodi,RR
33.98,LRM21_G_underwoodi,RR
33.94,LRM21_G_underwoodi,RR
33.95,LRM21_G_underwoodi,RR
33.98,LRM21_G_underwoodi,RR
34.05,LRM21_G_underwoodi,RR
34.05,LRM21_G_underwoodi,RR
34.05,LRM21_G_underwoodi,RR
34.09,LRM21_G_underwoodi,RR
34.2,LRM21_G_underwoodi,RR
34.24,LRM21_G_underwoodi,RR
34.31,LRM21_G_underwoodi,RR
34.26,LRM21_G_underwoodi,RR
34.26,LRM21_G_underwoodi,RR
34.44,LRM21_G_underwoodi,RR
33.29,LRM21_G_underwoodi,RR
33.16,LRM21_G_underwoodi,RR
32.81,LRM21_G_underwoodi,RR
32.79,LRM21_G_underwoodi,RR
32.74,LRM21_G_underwoodi,RR
32.75,LRM21_G_underwoodi,RR
32.74,LRM21_G_underwoodi,RR
32.73,LRM21_G_underwoodi,RR
32.73,LRM21_G_underwoodi,RR
32.77,LRM21_G_underwoodi,RR
32.75,LRM21_G_underwoodi,RR
32.75,LRM21_G_underwoodi,RR
32.75,LRM21_G_underwoodi,RR
32.73,LRM21_G_underwoodi,RR
32.8,LRM21_G_underwoodi,RR
32.8,LRM21_G_underwoodi,RR
32.85,LRM21_G_underwoodi,RR
32.97,LRM21_G_underwoodi,RR
33.49,LRM21_G_underwoodi,RR
33.97,LRM21_G_underwoodi,RR
33.7,LRM21_G_underwoodi,RR
33.96,LRM21_G_underwoodi,RR
34.09,LRM21_G_underwoodi,RR
34.3,LRM21_G_underwoodi,RR
34.38,LRM21_G_underwoodi,RR
34.54,LRM21_G_underwoodi,RR
34.71,LRM21_G_underwoodi,RR
29.74,LRM21_G_underwoodi,RR
28.42,LRM21_G_underwoodi,RR
29.98,LRM21_G_underwoodi,RR
30.87,LRM21_G_underwoodi,RR
31.18,LRM21_G_underwoodi,RR
31.35,LRM21_G_underwoodi,RR
31.47,LRM21_G_underwoodi,RR
31.67,LRM21_G_underwoodi,RR
31.96,LRM21_G_underwoodi,RR
32.14,LRM21_G_underwoodi,RR
31.38,LRM21_G_underwoodi,RR
31.42,LRM21_G_underwoodi,RR
31.84,LRM21_G_underwoodi,RR
31.94,LRM21_G_underwoodi,RR
32.14,LRM21_G_underwoodi,RR
32.29,LRM21_G_underwoodi,RR
32.8,LRM21_G_underwoodi,RR
32.95,LRM21_G_underwoodi,RR
33.07,LRM21_G_underwoodi,RR
33.36,LRM21_G_underwoodi,RR
33.41,LRM21_G_underwoodi,RR
33.57,LRM21_G_underwoodi,RR
33.89,LRM21_G_underwoodi,RR
33.98,LRM21_G_underwoodi,RR
34.43,LRM21_G_underwoodi,RR
34.57,LRM21_G_underwoodi,RR
34.71,LRM21_G_underwoodi,RR
34.82,LRM21_G_underwoodi,RR
29.66,LRM21_G_underwoodi,RR
31.07,LRM21_G_underwoodi,RR
31.43,LRM21_G_underwoodi,RR
31.61,LRM21_G_underwoodi,RR
31.73,LRM21_G_underwoodi,RR
31.33,LRM21_G_underwoodi,RR
31.15,LRM21_G_underwoodi,RR
32.16,LRM21_G_underwoodi,RR
32.44,LRM21_G_underwoodi,RR
32.34,LRM21_G_underwoodi,RR
31.89,LRM21_G_underwoodi,RR
31.87,LRM21_G_underwoodi,RR
32.17,LRM21_G_underwoodi,RR
32.47,LRM21_G_underwoodi,RR
33.12,LRM21_G_underwoodi,RR
33.57,LRM21_G_underwoodi,RR
33.78,LRM21_G_underwoodi,RR
33.95,LRM21_G_underwoodi,RR
34.13,LRM21_G_underwoodi,RR
34.45,LRM21_G_underwoodi,RR
34.7,LRM21_G_underwoodi,RR
34.88,LRM21_G_underwoodi,RR
34.98,LRM21_G_underwoodi,RR
35,LRM21_G_underwoodi,RR
35.16,LRM21_G_underwoodi,RR
35.24,LRM21_G_underwoodi,RR
35.33,LRM21_G_underwoodi,RR
35.3,LRM21_G_underwoodi,RR
35.3,LRM21_G_underwoodi,RR
34.93,LRM21_G_underwoodi,RR
34.36,LRM21_G_underwoodi,RR
33.98,LRM21_G_underwoodi,RR
34.18,LRM21_G_underwoodi,RR
34.41,LRM21_G_underwoodi,RR
34.53,LRM21_G_underwoodi,RR
34.57,LRM21_G_underwoodi,RR
34.66,LRM21_G_underwoodi,RR
34.86,LRM21_G_underwoodi,RR
34.79,LRM21_G_underwoodi,RR
34.87,LRM21_G_underwoodi,RR
35,LRM21_G_underwoodi,RR
35.06,LRM21_G_underwoodi,RR
34.95,LRM21_G_underwoodi,RR
34.86,LRM21_G_underwoodi,RR
34.8,LRM21_G_underwoodi,RR
34.75,LRM21_G_underwoodi,RR
34.62,LRM21_G_underwoodi,RR
34.97,LRM21_G_underwoodi,RR
35.15,LRM21_G_underwoodi,RR
33.67,LRM22_G_underwoodi,RR
33.78,LRM22_G_underwoodi,RR
34.16,LRM22_G_underwoodi,RR
34.18,LRM22_G_underwoodi,RR
34.28,LRM22_G_underwoodi,RR
34.43,LRM22_G_underwoodi,RR
34.52,LRM22_G_underwoodi,RR
34.62,LRM22_G_underwoodi,RR
34.84,LRM22_G_underwoodi,RR
35.14,LRM22_G_underwoodi,RR
35.37,LRM22_G_underwoodi,RR
35.54,LRM22_G_underwoodi,RR
35.69,LRM22_G_underwoodi,RR
35.81,LRM22_G_underwoodi,RR
35.86,LRM22_G_underwoodi,RR
35.62,LRM22_G_underwoodi,RR
35.06,LRM22_G_underwoodi,RR
33.65,LRM22_G_underwoodi,RR
33.48,LRM22_G_underwoodi,RR
33.69,LRM22_G_underwoodi,RR
33.93,LRM22_G_underwoodi,RR
34.25,LRM22_G_underwoodi,RR
34.58,LRM22_G_underwoodi,RR
34.78,LRM22_G_underwoodi,RR
35.04,LRM22_G_underwoodi,RR
35.28,LRM22_G_underwoodi,RR
35.43,LRM22_G_underwoodi,RR
35.21,LRM22_G_underwoodi,RR
35.12,LRM22_G_underwoodi,RR
34.02,LRM22_G_underwoodi,RR
33.28,LRM22_G_underwoodi,RR
33.42,LRM22_G_underwoodi,RR
33.58,LRM22_G_underwoodi,RR
33.83,LRM22_G_underwoodi,RR
34.35,LRM22_G_underwoodi,RR
34.75,LRM22_G_underwoodi,RR
34.95,LRM22_G_underwoodi,RR
35.24,LRM22_G_underwoodi,RR
35.36,LRM22_G_underwoodi,RR
34.92,LRM22_G_underwoodi,RR
34.55,LRM22_G_underwoodi,RR
34.66,LRM22_G_underwoodi,RR
34.8,LRM22_G_underwoodi,RR
35.13,LRM22_G_underwoodi,RR
35.21,LRM22_G_underwoodi,RR
35.24,LRM22_G_underwoodi,RR
35.54,LRM22_G_underwoodi,RR
35.68,LRM22_G_underwoodi,RR
35.74,LRM22_G_underwoodi,RR
35.77,LRM22_G_underwoodi,RR
35.77,LRM22_G_underwoodi,RR
35.79,LRM22_G_underwoodi,RR
35.79,LRM22_G_underwoodi,RR
35.65,LRM22_G_underwoodi,RR
35.67,LRM22_G_underwoodi,RR
35.8,LRM22_G_underwoodi,RR
35.05,LRM22_G_underwoodi,RR
33.83,LRM22_G_underwoodi,RR
34.13,LRM22_G_underwoodi,RR
33.75,LRM22_G_underwoodi,RR
33.92,LRM22_G_underwoodi,RR
34.09,LRM22_G_underwoodi,RR
34.21,LRM22_G_underwoodi,RR
34.29,LRM22_G_underwoodi,RR
34.33,LRM22_G_underwoodi,RR
34.37,LRM22_G_underwoodi,RR
34.48,LRM22_G_underwoodi,RR
34.85,LRM22_G_underwoodi,RR
35.06,LRM22_G_underwoodi,RR
35.18,LRM22_G_underwoodi,RR
35.35,LRM22_G_underwoodi,RR
35.54,LRM22_G_underwoodi,RR
35.67,LRM22_G_underwoodi,RR
35.83,LRM22_G_underwoodi,RR
35.96,LRM22_G_underwoodi,RR
36.03,LRM22_G_underwoodi,RR
36.07,LRM22_G_underwoodi,RR
36.21,LRM22_G_underwoodi,RR
36.28,LRM22_G_underwoodi,RR
36.13,LRM22_G_underwoodi,RR
36.11,LRM22_G_underwoodi,RR
36.17,LRM22_G_underwoodi,RR
36.1,LRM22_G_underwoodi,RR
36.02,LRM22_G_underwoodi,RR
35.49,LRM22_G_underwoodi,RR
35.26,LRM22_G_underwoodi,RR
34.96,LRM22_G_underwoodi,RR
35.04,LRM22_G_underwoodi,RR
35.33,LRM22_G_underwoodi,RR
35.41,LRM22_G_underwoodi,RR
35.46,LRM22_G_underwoodi,RR
35.58,LRM22_G_underwoodi,RR
35.69,LRM22_G_underwoodi,RR
35.69,LRM22_G_underwoodi,RR
35.7,LRM22_G_underwoodi,RR
35.7,LRM22_G_underwoodi,RR
35.79,LRM22_G_underwoodi,RR
35.81,LRM22_G_underwoodi,RR
35.38,LRM22_G_underwoodi,RR
33.72,LRM22_G_underwoodi,RR
32.91,LRM22_G_underwoodi,RR
32.42,LRM22_G_underwoodi,RR
32.19,LRM22_G_underwoodi,RR
32.23,LRM22_G_underwoodi,RR
32.57,LRM22_G_underwoodi,RR
32.87,LRM22_G_underwoodi,RR
33.03,LRM22_G_underwoodi,RR
33.17,LRM22_G_underwoodi,RR
33.35,LRM22_G_underwoodi,RR
33.71,LRM22_G_underwoodi,RR
34.16,LRM22_G_underwoodi,RR
34.73,LRM22_G_underwoodi,RR
35.19,LRM22_G_underwoodi,RR
35.27,LRM22_G_underwoodi,RR
35.27,LRM22_G_underwoodi,RR
35.34,LRM22_G_underwoodi,RR
35.51,LRM22_G_underwoodi,RR
35.77,LRM22_G_underwoodi,RR
35.88,LRM22_G_underwoodi,RR
35.5,LRM22_G_underwoodi,RR
30.74,LRM23_G_underwoodi,RR
30.29,LRM23_G_underwoodi,RR
29.98,LRM23_G_underwoodi,RR
29.75,LRM23_G_underwoodi,RR
29.63,LRM23_G_underwoodi,RR
29.55,LRM23_G_underwoodi,RR
29.76,LRM23_G_underwoodi,RR
30.01,LRM23_G_underwoodi,RR
30.18,LRM23_G_underwoodi,RR
30.31,LRM23_G_underwoodi,RR
30.48,LRM23_G_underwoodi,RR
30.41,LRM23_G_underwoodi,RR
30.59,LRM23_G_underwoodi,RR
30.67,LRM23_G_underwoodi,RR
30.64,LRM23_G_underwoodi,RR
30.81,LRM23_G_underwoodi,RR
30.31,LRM23_G_underwoodi,RR
30.11,LRM23_G_underwoodi,RR
30.2,LRM23_G_underwoodi,RR
30.43,LRM23_G_underwoodi,RR
30.64,LRM23_G_underwoodi,RR
30.67,LRM23_G_underwoodi,RR
30.79,LRM23_G_underwoodi,RR
30.77,LRM23_G_underwoodi,RR
28.6,LRM23_G_underwoodi,RR
28.38,LRM23_G_underwoodi,RR
28.53,LRM23_G_underwoodi,RR
28.7,LRM23_G_underwoodi,RR
28.85,LRM23_G_underwoodi,RR
29.04,LRM23_G_underwoodi,RR
29.28,LRM23_G_underwoodi,RR
29.19,LRM23_G_underwoodi,RR
29.04,LRM23_G_underwoodi,RR
29.07,LRM23_G_underwoodi,RR
29.3,LRM23_G_underwoodi,RR
29.56,LRM23_G_underwoodi,RR
29.4,LRM23_G_underwoodi,RR
29.74,LRM23_G_underwoodi,RR
29.97,LRM23_G_underwoodi,RR
29.93,LRM23_G_underwoodi,RR
29.99,LRM23_G_underwoodi,RR
30.33,LRM23_G_underwoodi,RR
30.52,LRM23_G_underwoodi,RR
30.67,LRM23_G_underwoodi,RR
30.78,LRM23_G_underwoodi,RR
30.86,LRM23_G_underwoodi,RR
30.81,LRM23_G_underwoodi,RR
30.81,LRM23_G_underwoodi,RR
30.79,LRM23_G_underwoodi,RR
30.9,LRM23_G_underwoodi,RR
31.01,LRM23_G_underwoodi,RR
31.06,LRM23_G_underwoodi,RR
31.1,LRM23_G_underwoodi,RR
31.13,LRM23_G_underwoodi,RR
31.2,LRM23_G_underwoodi,RR
31.17,LRM23_G_underwoodi,RR
31.11,LRM23_G_underwoodi,RR
31.1,LRM23_G_underwoodi,RR
30.75,LRM23_G_underwoodi,RR
30.25,LRM23_G_underwoodi,RR
30.15,LRM23_G_underwoodi,RR
30.04,LRM23_G_underwoodi,RR
29.98,LRM23_G_underwoodi,RR
29.94,LRM23_G_underwoodi,RR
29.95,LRM23_G_underwoodi,RR
30.18,LRM23_G_underwoodi,RR
30.49,LRM23_G_underwoodi,RR
30.73,LRM23_G_underwoodi,RR
30.9,LRM23_G_underwoodi,RR
31.11,LRM23_G_underwoodi,RR
31.23,LRM23_G_underwoodi,RR
31.2,LRM23_G_underwoodi,RR
31.25,LRM23_G_underwoodi,RR
31.23,LRM23_G_underwoodi,RR
30.81,LRM23_G_underwoodi,RR
30.35,LRM23_G_underwoodi,RR
29.78,LRM23_G_underwoodi,RR
29.43,LRM23_G_underwoodi,RR
29.56,LRM23_G_underwoodi,RR
29.81,LRM23_G_underwoodi,RR
30.02,LRM23_G_underwoodi,RR
30.18,LRM23_G_underwoodi,RR
30.3,LRM23_G_underwoodi,RR
30.46,LRM23_G_underwoodi,RR
30.52,LRM23_G_underwoodi,RR
30.52,LRM23_G_underwoodi,RR
30.49,LRM23_G_underwoodi,RR
30.46,LRM23_G_underwoodi,RR
30.47,LRM23_G_underwoodi,RR
30.46,LRM23_G_underwoodi,RR
30.42,LRM23_G_underwoodi,RR
29.42,LRM23_G_underwoodi,RR
29.06,LRM23_G_underwoodi,RR
28.98,LRM23_G_underwoodi,RR
29.1,LRM23_G_underwoodi,RR
29.25,LRM23_G_underwoodi,RR
29.43,LRM23_G_underwoodi,RR
29.55,LRM23_G_underwoodi,RR
29.64,LRM23_G_underwoodi,RR
29.75,LRM23_G_underwoodi,RR
29.83,LRM23_G_underwoodi,RR
29.93,LRM23_G_underwoodi,RR
29.95,LRM23_G_underwoodi,RR
29.93,LRM23_G_underwoodi,RR
29.95,LRM23_G_underwoodi,RR
29.99,LRM23_G_underwoodi,RR
30.03,LRM23_G_underwoodi,RR
30.04,LRM23_G_underwoodi,RR
30.02,LRM23_G_underwoodi,RR
30.05,LRM23_G_underwoodi,RR
30.08,LRM23_G_underwoodi,RR
30.09,LRM23_G_underwoodi,RR
30.28,LRM23_G_underwoodi,RR
30.5,LRM23_G_underwoodi,RR
30.76,LRM23_G_underwoodi,RR
30.99,LRM23_G_underwoodi,RR
31.19,LRM23_G_underwoodi,RR
31.26,LRM23_G_underwoodi,RR
31.22,LRM23_G_underwoodi,RR
30.69,LRM23_G_underwoodi,RR
27.66,LRM24_G_underwoodi,RR
27.48,LRM24_G_underwoodi,RR
27.4,LRM24_G_underwoodi,RR
27.37,LRM24_G_underwoodi,RR
27.23,LRM24_G_underwoodi,RR
27.16,LRM24_G_underwoodi,RR
27.19,LRM24_G_underwoodi,RR
27.41,LRM24_G_underwoodi,RR
27.38,LRM24_G_underwoodi,RR
27.44,LRM24_G_underwoodi,RR
27.88,LRM24_G_underwoodi,RR
28.23,LRM24_G_underwoodi,RR
28.59,LRM24_G_underwoodi,RR
28.86,LRM24_G_underwoodi,RR
29.28,LRM24_G_underwoodi,RR
29.6,LRM24_G_underwoodi,RR
29.97,LRM24_G_underwoodi,RR
30.38,LRM24_G_underwoodi,RR
30.57,LRM24_G_underwoodi,RR
31.2,LRM24_G_underwoodi,RR
31.43,LRM24_G_underwoodi,RR
31.64,LRM24_G_underwoodi,RR
31.8,LRM24_G_underwoodi,RR
31.9,LRM24_G_underwoodi,RR
32.06,LRM24_G_underwoodi,RR
32.05,LRM24_G_underwoodi,RR
31.71,LRM24_G_underwoodi,RR
31.63,LRM24_G_underwoodi,RR
31.89,LRM24_G_underwoodi,RR
31.86,LRM24_G_underwoodi,RR
31.68,LRM24_G_underwoodi,RR
31.67,LRM24_G_underwoodi,RR
31.67,LRM24_G_underwoodi,RR
31.92,LRM24_G_underwoodi,RR
31.88,LRM24_G_underwoodi,RR
31.89,LRM24_G_underwoodi,RR
32.11,LRM24_G_underwoodi,RR
32.21,LRM24_G_underwoodi,RR
32.25,LRM24_G_underwoodi,RR
32.39,LRM24_G_underwoodi,RR
32.53,LRM24_G_underwoodi,RR
32.53,LRM24_G_underwoodi,RR
32.51,LRM24_G_underwoodi,RR
32.43,LRM24_G_underwoodi,RR
32.37,LRM24_G_underwoodi,RR
32.44,LRM24_G_underwoodi,RR
32.41,LRM24_G_underwoodi,RR
32.39,LRM24_G_underwoodi,RR
32.4,LRM24_G_underwoodi,RR
32.43,LRM24_G_underwoodi,RR
32.48,LRM24_G_underwoodi,RR
32.47,LRM24_G_underwoodi,RR
32.73,LRM24_G_underwoodi,RR
32.81,LRM24_G_underwoodi,RR
32.69,LRM24_G_underwoodi,RR
32.65,LRM24_G_underwoodi,RR
32.69,LRM24_G_underwoodi,RR
32.71,LRM24_G_underwoodi,RR
32.52,LRM24_G_underwoodi,RR
31.82,LRM24_G_underwoodi,RR
31.43,LRM24_G_underwoodi,RR
31.34,LRM24_G_underwoodi,RR
31.33,LRM24_G_underwoodi,RR
31.41,LRM24_G_underwoodi,RR
31.76,LRM24_G_underwoodi,RR
31.95,LRM24_G_underwoodi,RR
31.93,LRM24_G_underwoodi,RR
31.97,LRM24_G_underwoodi,RR
32.09,LRM24_G_underwoodi,RR
32.03,LRM24_G_underwoodi,RR
32.01,LRM24_G_underwoodi,RR
32.36,LRM24_G_underwoodi,RR
32.45,LRM24_G_underwoodi,RR
32.18,LRM24_G_underwoodi,RR
31.84,LRM24_G_underwoodi,RR
31.54,LRM24_G_underwoodi,RR
31.7,LRM24_G_underwoodi,RR
32.05,LRM24_G_underwoodi,RR
32.33,LRM24_G_underwoodi,RR
32.23,LRM24_G_underwoodi,RR
32.11,LRM24_G_underwoodi,RR
32.07,LRM24_G_underwoodi,RR
32.14,LRM24_G_underwoodi,RR
32.34,LRM24_G_underwoodi,RR
32.54,LRM24_G_underwoodi,RR
32.53,LRM24_G_underwoodi,RR
32.5,LRM24_G_underwoodi,RR
32.43,LRM24_G_underwoodi,RR
32.47,LRM24_G_underwoodi,RR
32.51,LRM24_G_underwoodi,RR
32.58,LRM24_G_underwoodi,RR
32.63,LRM24_G_underwoodi,RR
32.59,LRM24_G_underwoodi,RR
32.52,LRM24_G_underwoodi,RR
32.33,LRM24_G_underwoodi,RR
32.39,LRM24_G_underwoodi,RR
32.43,LRM24_G_underwoodi,RR
32.34,LRM24_G_underwoodi,RR
32.23,LRM24_G_underwoodi,RR
32.08,LRM24_G_underwoodi,RR
31.99,LRM24_G_underwoodi,RR
31.55,LRM24_G_underwoodi,RR
30.98,LRM24_G_underwoodi,RR
30.53,LRM24_G_underwoodi,RR
30.12,LRM24_G_underwoodi,RR
29.85,LRM24_G_underwoodi,RR
29.6,LRM24_G_underwoodi,RR
29.41,LRM24_G_underwoodi,RR
29.26,LRM24_G_underwoodi,RR
29.17,LRM24_G_underwoodi,RR
29.28,LRM24_G_underwoodi,RR
29.15,LRM24_G_underwoodi,RR
29.13,LRM24_G_underwoodi,RR
29.1,LRM24_G_underwoodi,RR
28.98,LRM24_G_underwoodi,RR
28.94,LRM24_G_underwoodi,RR
28.89,LRM24_G_underwoodi,RR
29.36,LRM24_G_underwoodi,RR
29.69,LRM24_G_underwoodi,RR
29.89,LRM24_G_underwoodi,RR
29.78,LRM25_G_underwoodi,RR
29.9,LRM25_G_underwoodi,RR
29.98,LRM25_G_underwoodi,RR
28.33,LRM25_G_underwoodi,RR
28.94,LRM25_G_underwoodi,RR
29.11,LRM25_G_underwoodi,RR
29.25,LRM25_G_underwoodi,RR
29.38,LRM25_G_underwoodi,RR
29.5,LRM25_G_underwoodi,RR
29.54,LRM25_G_underwoodi,RR
29.67,LRM25_G_underwoodi,RR
29.92,LRM25_G_underwoodi,RR
30.04,LRM25_G_underwoodi,RR
30.13,LRM25_G_underwoodi,RR
30.25,LRM25_G_underwoodi,RR
30.33,LRM25_G_underwoodi,RR
30.31,LRM25_G_underwoodi,RR
30.37,LRM25_G_underwoodi,RR
30.36,LRM25_G_underwoodi,RR
30.35,LRM25_G_underwoodi,RR
30.37,LRM25_G_underwoodi,RR
30.41,LRM25_G_underwoodi,RR
30.3,LRM25_G_underwoodi,RR
30.33,LRM25_G_underwoodi,RR
30.43,LRM25_G_underwoodi,RR
29.73,LRM25_G_underwoodi,RR
29.68,LRM25_G_underwoodi,RR
29.81,LRM25_G_underwoodi,RR
30.02,LRM25_G_underwoodi,RR
30.13,LRM25_G_underwoodi,RR
30.23,LRM25_G_underwoodi,RR
30.34,LRM25_G_underwoodi,RR
30.38,LRM25_G_underwoodi,RR
30.31,LRM25_G_underwoodi,RR
30.3,LRM25_G_underwoodi,RR
30.42,LRM25_G_underwoodi,RR
30.47,LRM25_G_underwoodi,RR
30.47,LRM25_G_underwoodi,RR
30.47,LRM25_G_underwoodi,RR
30.36,LRM25_G_underwoodi,RR
30.37,LRM25_G_underwoodi,RR
30.47,LRM25_G_underwoodi,RR
30.52,LRM25_G_underwoodi,RR
30.48,LRM25_G_underwoodi,RR
30.3,LRM25_G_underwoodi,RR
30.37,LRM25_G_underwoodi,RR
30.44,LRM25_G_underwoodi,RR
30.35,LRM25_G_underwoodi,RR
30.4,LRM25_G_underwoodi,RR
29.76,LRM25_G_underwoodi,RR
29.73,LRM25_G_underwoodi,RR
29.88,LRM25_G_underwoodi,RR
30.01,LRM25_G_underwoodi,RR
30.09,LRM25_G_underwoodi,RR
30.2,LRM25_G_underwoodi,RR
30.3,LRM25_G_underwoodi,RR
30.33,LRM25_G_underwoodi,RR
30.3,LRM25_G_underwoodi,RR
30.31,LRM25_G_underwoodi,RR
30.34,LRM25_G_underwoodi,RR
30.4,LRM25_G_underwoodi,RR
30.48,LRM25_G_underwoodi,RR
30.5,LRM25_G_underwoodi,RR
30.7,LRM25_G_underwoodi,RR
30.68,LRM25_G_underwoodi,RR
30.83,LRM25_G_underwoodi,RR
30.86,LRM25_G_underwoodi,RR
31,LRM25_G_underwoodi,RR
31.02,LRM25_G_underwoodi,RR
30.82,LRM25_G_underwoodi,RR
30.74,LRM25_G_underwoodi,RR
30.74,LRM25_G_underwoodi,RR
30.78,LRM25_G_underwoodi,RR
30.91,LRM25_G_underwoodi,RR
31.03,LRM25_G_underwoodi,RR
30.88,LRM25_G_underwoodi,RR
30.86,LRM25_G_underwoodi,RR
31.01,LRM25_G_underwoodi,RR
31.01,LRM25_G_underwoodi,RR
31,LRM25_G_underwoodi,RR
31.05,LRM25_G_underwoodi,RR
31.09,LRM25_G_underwoodi,RR
31.06,LRM25_G_underwoodi,RR
30.9,LRM25_G_underwoodi,RR
30.95,LRM25_G_underwoodi,RR
30.93,LRM25_G_underwoodi,RR
30.88,LRM25_G_underwoodi,RR
30.99,LRM25_G_underwoodi,RR
30.97,LRM25_G_underwoodi,RR
31.07,LRM25_G_underwoodi,RR
30.98,LRM25_G_underwoodi,RR
30.89,LRM25_G_underwoodi,RR
30.92,LRM25_G_underwoodi,RR
30.93,LRM25_G_underwoodi,RR
30.94,LRM25_G_underwoodi,RR
31.06,LRM25_G_underwoodi,RR
31.11,LRM25_G_underwoodi,RR
31.13,LRM25_G_underwoodi,RR
31.11,LRM25_G_underwoodi,RR
28.34,LRM25_G_underwoodi,RR
25.91,LRM25_G_underwoodi,RR
24.95,LRM25_G_underwoodi,RR
24.15,LRM25_G_underwoodi,RR
23.59,LRM25_G_underwoodi,RR
24.84,LRM25_G_underwoodi,RR
25.47,LRM25_G_underwoodi,RR
25.95,LRM25_G_underwoodi,RR
26.54,LRM25_G_underwoodi,RR
26.9,LRM25_G_underwoodi,RR
27.13,LRM25_G_underwoodi,RR
27.34,LRM25_G_underwoodi,RR
27.54,LRM25_G_underwoodi,RR
27.75,LRM25_G_underwoodi,RR
28.3,LRM25_G_underwoodi,RR
28.71,LRM25_G_underwoodi,RR
29.03,LRM25_G_underwoodi,RR
29.39,LRM25_G_underwoodi,RR
29.89,LRM25_G_underwoodi,RR
30.19,LRM25_G_underwoodi,RR
30.48,LRM25_G_underwoodi,RR
32.01,LRM26_G_underwoodi,RR
32.17,LRM26_G_underwoodi,RR
32.3,LRM26_G_underwoodi,RR
32.29,LRM26_G_underwoodi,RR
32.3,LRM26_G_underwoodi,RR
32.26,LRM26_G_underwoodi,RR
32.07,LRM26_G_underwoodi,RR
32.07,LRM26_G_underwoodi,RR
31.87,LRM26_G_underwoodi,RR
31.74,LRM26_G_underwoodi,RR
31.91,LRM26_G_underwoodi,RR
31.94,LRM26_G_underwoodi,RR
32.02,LRM26_G_underwoodi,RR
32.05,LRM26_G_underwoodi,RR
32.11,LRM26_G_underwoodi,RR
32.23,LRM26_G_underwoodi,RR
32.26,LRM26_G_underwoodi,RR
32.24,LRM26_G_underwoodi,RR
32.24,LRM26_G_underwoodi,RR
32.34,LRM26_G_underwoodi,RR
32.37,LRM26_G_underwoodi,RR
32.25,LRM26_G_underwoodi,RR
32.14,LRM26_G_underwoodi,RR
32.08,LRM26_G_underwoodi,RR
30.93,LRM26_G_underwoodi,RR
30.45,LRM26_G_underwoodi,RR
30.66,LRM26_G_underwoodi,RR
30.83,LRM26_G_underwoodi,RR
31.02,LRM26_G_underwoodi,RR
31.22,LRM26_G_underwoodi,RR
31.34,LRM26_G_underwoodi,RR
31.57,LRM26_G_underwoodi,RR
31.75,LRM26_G_underwoodi,RR
31.85,LRM26_G_underwoodi,RR
31.86,LRM26_G_underwoodi,RR
31.91,LRM26_G_underwoodi,RR
32.05,LRM26_G_underwoodi,RR
32.01,LRM26_G_underwoodi,RR
32.1,LRM26_G_underwoodi,RR
32.13,LRM26_G_underwoodi,RR
32.28,LRM26_G_underwoodi,RR
31.97,LRM26_G_underwoodi,RR
31.95,LRM26_G_underwoodi,RR
31.91,LRM26_G_underwoodi,RR
31.88,LRM26_G_underwoodi,RR
31.97,LRM26_G_underwoodi,RR
32.2,LRM26_G_underwoodi,RR
32.23,LRM26_G_underwoodi,RR
32.27,LRM26_G_underwoodi,RR
32.5,LRM26_G_underwoodi,RR
32.64,LRM26_G_underwoodi,RR
32.59,LRM26_G_underwoodi,RR
32.34,LRM26_G_underwoodi,RR
32.04,LRM26_G_underwoodi,RR
32.19,LRM26_G_underwoodi,RR
32.39,LRM26_G_underwoodi,RR
32.39,LRM26_G_underwoodi,RR
32.42,LRM26_G_underwoodi,RR
32.45,LRM26_G_underwoodi,RR
32.54,LRM26_G_underwoodi,RR
32.64,LRM26_G_underwoodi,RR
32.72,LRM26_G_underwoodi,RR
32.64,LRM26_G_underwoodi,RR
32.4,LRM26_G_underwoodi,RR
32.37,LRM26_G_underwoodi,RR
32.59,LRM26_G_underwoodi,RR
32.74,LRM26_G_underwoodi,RR
32.59,LRM26_G_underwoodi,RR
32.63,LRM26_G_underwoodi,RR
32.63,LRM26_G_underwoodi,RR
32.46,LRM26_G_underwoodi,RR
32.43,LRM26_G_underwoodi,RR
32.56,LRM26_G_underwoodi,RR
32.4,LRM26_G_underwoodi,RR
32.39,LRM26_G_underwoodi,RR
32.5,LRM26_G_underwoodi,RR
32.7,LRM26_G_underwoodi,RR
32.71,LRM26_G_underwoodi,RR
32.79,LRM26_G_underwoodi,RR
32.83,LRM26_G_underwoodi,RR
32.9,LRM26_G_underwoodi,RR
32.89,LRM26_G_underwoodi,RR
32.87,LRM26_G_underwoodi,RR
32.85,LRM26_G_underwoodi,RR
32.8,LRM26_G_underwoodi,RR
32.81,LRM26_G_underwoodi,RR
32.76,LRM26_G_underwoodi,RR
32.68,LRM26_G_underwoodi,RR
32.04,LRM26_G_underwoodi,RR
31.83,LRM26_G_underwoodi,RR
31.84,LRM26_G_underwoodi,RR
31.89,LRM26_G_underwoodi,RR
31.96,LRM26_G_underwoodi,RR
32.12,LRM26_G_underwoodi,RR
32.31,LRM26_G_underwoodi,RR
32.38,LRM26_G_underwoodi,RR
32.5,LRM26_G_underwoodi,RR
32.56,LRM26_G_underwoodi,RR
30.67,LRM26_G_underwoodi,RR
30.65,LRM26_G_underwoodi,RR
30.76,LRM26_G_underwoodi,RR
30.98,LRM26_G_underwoodi,RR
31.21,LRM26_G_underwoodi,RR
31.46,LRM26_G_underwoodi,RR
31.7,LRM26_G_underwoodi,RR
31.87,LRM26_G_underwoodi,RR
32.12,LRM26_G_underwoodi,RR
32.3,LRM26_G_underwoodi,RR
32.48,LRM26_G_underwoodi,RR
32.65,LRM26_G_underwoodi,RR
32.79,LRM26_G_underwoodi,RR
32.9,LRM26_G_underwoodi,RR
33.02,LRM26_G_underwoodi,RR
32.87,LRM26_G_underwoodi,RR
32.9,LRM26_G_underwoodi,RR
32.66,LRM26_G_underwoodi,RR
32.55,LRM26_G_underwoodi,RR
32.62,LRM26_G_underwoodi,RR
32.93,LRM26_G_underwoodi,RR
32.94,LRM26_G_underwoodi,RR
29.15,LRM27_G_underwoodi,RR
29.49,LRM27_G_underwoodi,RR
30.04,LRM27_G_underwoodi,RR
30.43,LRM27_G_underwoodi,RR
30.86,LRM27_G_underwoodi,RR
31.2,LRM27_G_underwoodi,RR
31.49,LRM27_G_underwoodi,RR
31.72,LRM27_G_underwoodi,RR
31.96,LRM27_G_underwoodi,RR
32.14,LRM27_G_underwoodi,RR
32.21,LRM27_G_underwoodi,RR
32.27,LRM27_G_underwoodi,RR
32.3,LRM27_G_underwoodi,RR
32.3,LRM27_G_underwoodi,RR
32.26,LRM27_G_underwoodi,RR
31.35,LRM27_G_underwoodi,RR
30.4,LRM27_G_underwoodi,RR
30.25,LRM27_G_underwoodi,RR
30.5,LRM27_G_underwoodi,RR
30.62,LRM27_G_underwoodi,RR
30.81,LRM27_G_underwoodi,RR
31,LRM27_G_underwoodi,RR
31.24,LRM27_G_underwoodi,RR
31.37,LRM27_G_underwoodi,RR
31.51,LRM27_G_underwoodi,RR
31.57,LRM27_G_underwoodi,RR
31.78,LRM27_G_underwoodi,RR
31.81,LRM27_G_underwoodi,RR
31.84,LRM27_G_underwoodi,RR
32.03,LRM27_G_underwoodi,RR
32.1,LRM27_G_underwoodi,RR
32.12,LRM27_G_underwoodi,RR
32.01,LRM27_G_underwoodi,RR
32.02,LRM27_G_underwoodi,RR
31.95,LRM27_G_underwoodi,RR
31.97,LRM27_G_underwoodi,RR
31.97,LRM27_G_underwoodi,RR
31.9,LRM27_G_underwoodi,RR
32.04,LRM27_G_underwoodi,RR
32.06,LRM27_G_underwoodi,RR
32.11,LRM27_G_underwoodi,RR
32.13,LRM27_G_underwoodi,RR
32,LRM27_G_underwoodi,RR
32.03,LRM27_G_underwoodi,RR
32.08,LRM27_G_underwoodi,RR
32.11,LRM27_G_underwoodi,RR
32.1,LRM27_G_underwoodi,RR
31.86,LRM27_G_underwoodi,RR
31.73,LRM27_G_underwoodi,RR
31.83,LRM27_G_underwoodi,RR
31.94,LRM27_G_underwoodi,RR
32.02,LRM27_G_underwoodi,RR
32.06,LRM27_G_underwoodi,RR
32.1,LRM27_G_underwoodi,RR
32.09,LRM27_G_underwoodi,RR
30.62,LRM27_G_underwoodi,RR
30.05,LRM27_G_underwoodi,RR
29.83,LRM27_G_underwoodi,RR
30.02,LRM27_G_underwoodi,RR
30.41,LRM27_G_underwoodi,RR
30.79,LRM27_G_underwoodi,RR
31.22,LRM27_G_underwoodi,RR
31.43,LRM27_G_underwoodi,RR
31.66,LRM27_G_underwoodi,RR
31.82,LRM27_G_underwoodi,RR
32.05,LRM27_G_underwoodi,RR
32.11,LRM27_G_underwoodi,RR
32.09,LRM27_G_underwoodi,RR
32.31,LRM27_G_underwoodi,RR
32.3,LRM27_G_underwoodi,RR
32.04,LRM27_G_underwoodi,RR
31.65,LRM27_G_underwoodi,RR
31.38,LRM27_G_underwoodi,RR
31.14,LRM27_G_underwoodi,RR
31,LRM27_G_underwoodi,RR
30.9,LRM27_G_underwoodi,RR
30.79,LRM27_G_underwoodi,RR
30.77,LRM27_G_underwoodi,RR
30.77,LRM27_G_underwoodi,RR
30.89,LRM27_G_underwoodi,RR
31.29,LRM27_G_underwoodi,RR
31.54,LRM27_G_underwoodi,RR
31.74,LRM27_G_underwoodi,RR
31.97,LRM27_G_underwoodi,RR
31.83,LRM27_G_underwoodi,RR
31.81,LRM27_G_underwoodi,RR
32.09,LRM27_G_underwoodi,RR
32.19,LRM27_G_underwoodi,RR
32.2,LRM27_G_underwoodi,RR
32.34,LRM27_G_underwoodi,RR
32.31,LRM27_G_underwoodi,RR
32.32,LRM27_G_underwoodi,RR
32.3,LRM27_G_underwoodi,RR
32.27,LRM27_G_underwoodi,RR
32.12,LRM27_G_underwoodi,RR
32.04,LRM27_G_underwoodi,RR
32.01,LRM27_G_underwoodi,RR
32.17,LRM27_G_underwoodi,RR
32.29,LRM27_G_underwoodi,RR
32.38,LRM27_G_underwoodi,RR
32.33,LRM27_G_underwoodi,RR
32.29,LRM27_G_underwoodi,RR
32.34,LRM27_G_underwoodi,RR
32.38,LRM27_G_underwoodi,RR
32.39,LRM27_G_underwoodi,RR
32.44,LRM27_G_underwoodi,RR
32.46,LRM27_G_underwoodi,RR
32.45,LRM27_G_underwoodi,RR
32.39,LRM27_G_underwoodi,RR
32.27,LRM27_G_underwoodi,RR
32.12,LRM27_G_underwoodi,RR
31.33,LRM27_G_underwoodi,RR
31.3,LRM27_G_underwoodi,RR
31.34,LRM27_G_underwoodi,RR
31.42,LRM27_G_underwoodi,RR
31.5,LRM27_G_underwoodi,RR
31.54,LRM27_G_underwoodi,RR
31.56,LRM27_G_underwoodi,RR
31.71,LRM27_G_underwoodi,RR
31.98,LRM27_G_underwoodi,RR
32.97,LRM28_G_underwoodi,RR
32.95,LRM28_G_underwoodi,RR
32.78,LRM28_G_underwoodi,RR
32.39,LRM28_G_underwoodi,RR
32.33,LRM28_G_underwoodi,RR
32.82,LRM28_G_underwoodi,RR
32.79,LRM28_G_underwoodi,RR
33.41,LRM28_G_underwoodi,RR
33.52,LRM28_G_underwoodi,RR
34.39,LRM28_G_underwoodi,RR
33.15,LRM28_G_underwoodi,RR
32.59,LRM28_G_underwoodi,RR
32.31,LRM28_G_underwoodi,RR
32.07,LRM28_G_underwoodi,RR
31.98,LRM28_G_underwoodi,RR
31.9,LRM28_G_underwoodi,RR
31.69,LRM28_G_underwoodi,RR
31.54,LRM28_G_underwoodi,RR
31.67,LRM28_G_underwoodi,RR
31.79,LRM28_G_underwoodi,RR
31.75,LRM28_G_underwoodi,RR
31.69,LRM28_G_underwoodi,RR
31.42,LRM28_G_underwoodi,RR
30.64,LRM28_G_underwoodi,RR
30.43,LRM28_G_underwoodi,RR
30.44,LRM28_G_underwoodi,RR
30.5,LRM28_G_underwoodi,RR
30.53,LRM28_G_underwoodi,RR
30.59,LRM28_G_underwoodi,RR
30.67,LRM28_G_underwoodi,RR
30.43,LRM28_G_underwoodi,RR
30.28,LRM28_G_underwoodi,RR
30.04,LRM28_G_underwoodi,RR
29.86,LRM28_G_underwoodi,RR
29.78,LRM28_G_underwoodi,RR
29.98,LRM28_G_underwoodi,RR
30.24,LRM28_G_underwoodi,RR
30.47,LRM28_G_underwoodi,RR
30.71,LRM28_G_underwoodi,RR
30.98,LRM28_G_underwoodi,RR
31.27,LRM28_G_underwoodi,RR
31.48,LRM28_G_underwoodi,RR
31.68,LRM28_G_underwoodi,RR
31.87,LRM28_G_underwoodi,RR
32.09,LRM28_G_underwoodi,RR
32.51,LRM28_G_underwoodi,RR
32.57,LRM28_G_underwoodi,RR
32.61,LRM28_G_underwoodi,RR
31.99,LRM28_G_underwoodi,RR
30.9,LRM28_G_underwoodi,RR
30.23,LRM28_G_underwoodi,RR
29.67,LRM28_G_underwoodi,RR
29.24,LRM28_G_underwoodi,RR
28.91,LRM28_G_underwoodi,RR
28.69,LRM28_G_underwoodi,RR
28.55,LRM28_G_underwoodi,RR
28.7,LRM28_G_underwoodi,RR
29.19,LRM28_G_underwoodi,RR
29.58,LRM28_G_underwoodi,RR
29.88,LRM28_G_underwoodi,RR
30.05,LRM28_G_underwoodi,RR
31.09,LRM28_G_underwoodi,RR
30.8,LRM28_G_underwoodi,RR
30.75,LRM28_G_underwoodi,RR
30.73,LRM28_G_underwoodi,RR
30.82,LRM28_G_underwoodi,RR
30.98,LRM28_G_underwoodi,RR
31.16,LRM28_G_underwoodi,RR
31.3,LRM28_G_underwoodi,RR
31.45,LRM28_G_underwoodi,RR
31.81,LRM28_G_underwoodi,RR
32.04,LRM28_G_underwoodi,RR
32.07,LRM28_G_underwoodi,RR
32.11,LRM28_G_underwoodi,RR
32.18,LRM28_G_underwoodi,RR
32.32,LRM28_G_underwoodi,RR
32.29,LRM28_G_underwoodi,RR
32.36,LRM28_G_underwoodi,RR
32.61,LRM28_G_underwoodi,RR
32.52,LRM28_G_underwoodi,RR
32.58,LRM28_G_underwoodi,RR
32.61,LRM28_G_underwoodi,RR
32.56,LRM28_G_underwoodi,RR
32.75,LRM28_G_underwoodi,RR
32.89,LRM28_G_underwoodi,RR
32.89,LRM28_G_underwoodi,RR
32.38,LRM28_G_underwoodi,RR
32.12,LRM28_G_underwoodi,RR
32.12,LRM28_G_underwoodi,RR
32.12,LRM28_G_underwoodi,RR
32.1,LRM28_G_underwoodi,RR
32.23,LRM28_G_underwoodi,RR
32.38,LRM28_G_underwoodi,RR
31.78,LRM28_G_underwoodi,RR
30.93,LRM28_G_underwoodi,RR
30.2,LRM28_G_underwoodi,RR
29.64,LRM28_G_underwoodi,RR
29.72,LRM28_G_underwoodi,RR
29.68,LRM28_G_underwoodi,RR
29.09,LRM28_G_underwoodi,RR
28.82,LRM28_G_underwoodi,RR
28.66,LRM28_G_underwoodi,RR
29.31,LRM28_G_underwoodi,RR
31.23,LRM28_G_underwoodi,RR
31.03,LRM28_G_underwoodi,RR
31.12,LRM28_G_underwoodi,RR
31.19,LRM28_G_underwoodi,RR
31.22,LRM28_G_underwoodi,RR
31.33,LRM28_G_underwoodi,RR
31.77,LRM28_G_underwoodi,RR
31.9,LRM28_G_underwoodi,RR
32.33,LRM28_G_underwoodi,RR
32.64,LRM28_G_underwoodi,RR
32.8,LRM28_G_underwoodi,RR
32.9,LRM28_G_underwoodi,RR
32.97,LRM28_G_underwoodi,RR
33.05,LRM28_G_underwoodi,RR
33.27,LRM28_G_underwoodi,RR
33.22,LRM28_G_underwoodi,RR
33.29,LRM28_G_underwoodi,RR
33.66,LRM29_G_underwoodi,RR
33.53,LRM29_G_underwoodi,RR
33.5,LRM29_G_underwoodi,RR
33.66,LRM29_G_underwoodi,RR
33.64,LRM29_G_underwoodi,RR
33.8,LRM29_G_underwoodi,RR
33.86,LRM29_G_underwoodi,RR
33.86,LRM29_G_underwoodi,RR
33.86,LRM29_G_underwoodi,RR
33.87,LRM29_G_underwoodi,RR
33.88,LRM29_G_underwoodi,RR
33.84,LRM29_G_underwoodi,RR
33.67,LRM29_G_underwoodi,RR
33.72,LRM29_G_underwoodi,RR
33.65,LRM29_G_underwoodi,RR
33.4,LRM29_G_underwoodi,RR
33.18,LRM29_G_underwoodi,RR
32.61,LRM29_G_underwoodi,RR
30.59,LRM29_G_underwoodi,RR
30.42,LRM29_G_underwoodi,RR
30.41,LRM29_G_underwoodi,RR
30.35,LRM29_G_underwoodi,RR
30.48,LRM29_G_underwoodi,RR
30.7,LRM29_G_underwoodi,RR
30.54,LRM29_G_underwoodi,RR
29.09,LRM29_G_underwoodi,RR
29.78,LRM29_G_underwoodi,RR
29.7,LRM29_G_underwoodi,RR
29.77,LRM29_G_underwoodi,RR
29.67,LRM29_G_underwoodi,RR
29.67,LRM29_G_underwoodi,RR
29.77,LRM29_G_underwoodi,RR
30.25,LRM29_G_underwoodi,RR
30.57,LRM29_G_underwoodi,RR
31.03,LRM29_G_underwoodi,RR
31.22,LRM29_G_underwoodi,RR
31.35,LRM29_G_underwoodi,RR
31.61,LRM29_G_underwoodi,RR
31.99,LRM29_G_underwoodi,RR
32.26,LRM29_G_underwoodi,RR
32.48,LRM29_G_underwoodi,RR
32.64,LRM29_G_underwoodi,RR
32.71,LRM29_G_underwoodi,RR
32.79,LRM29_G_underwoodi,RR
32.98,LRM29_G_underwoodi,RR
33.11,LRM29_G_underwoodi,RR
33.23,LRM29_G_underwoodi,RR
33.17,LRM29_G_underwoodi,RR
33.31,LRM29_G_underwoodi,RR
33.44,LRM29_G_underwoodi,RR
33.5,LRM29_G_underwoodi,RR
33.56,LRM29_G_underwoodi,RR
33.58,LRM29_G_underwoodi,RR
33.64,LRM29_G_underwoodi,RR
33.68,LRM29_G_underwoodi,RR
33.74,LRM29_G_underwoodi,RR
33.76,LRM29_G_underwoodi,RR
33.78,LRM29_G_underwoodi,RR
33.73,LRM29_G_underwoodi,RR
32.13,LRM29_G_underwoodi,RR
29.95,LRM29_G_underwoodi,RR
30.27,LRM29_G_underwoodi,RR
30.16,LRM29_G_underwoodi,RR
30.34,LRM29_G_underwoodi,RR
30.69,LRM29_G_underwoodi,RR
30.97,LRM29_G_underwoodi,RR
31.07,LRM29_G_underwoodi,RR
31.41,LRM29_G_underwoodi,RR
31.34,LRM29_G_underwoodi,RR
31.5,LRM29_G_underwoodi,RR
31.85,LRM29_G_underwoodi,RR
32.01,LRM29_G_underwoodi,RR
32.12,LRM29_G_underwoodi,RR
32.39,LRM29_G_underwoodi,RR
32.73,LRM29_G_underwoodi,RR
32.83,LRM29_G_underwoodi,RR
32.92,LRM29_G_underwoodi,RR
33.13,LRM29_G_underwoodi,RR
33.36,LRM29_G_underwoodi,RR
33.48,LRM29_G_underwoodi,RR
33.47,LRM29_G_underwoodi,RR
33.58,LRM29_G_underwoodi,RR
33.65,LRM29_G_underwoodi,RR
33.75,LRM29_G_underwoodi,RR
33.71,LRM29_G_underwoodi,RR
33.71,LRM29_G_underwoodi,RR
33.56,LRM29_G_underwoodi,RR
33.55,LRM29_G_underwoodi,RR
33.65,LRM29_G_underwoodi,RR
33.59,LRM29_G_underwoodi,RR
33.51,LRM29_G_underwoodi,RR
33.65,LRM29_G_underwoodi,RR
33.67,LRM29_G_underwoodi,RR
33.49,LRM29_G_underwoodi,RR
33.41,LRM29_G_underwoodi,RR
33.56,LRM29_G_underwoodi,RR
33.69,LRM29_G_underwoodi,RR
33.08,LRM29_G_underwoodi,RR
32.66,LRM29_G_underwoodi,RR
32.67,LRM29_G_underwoodi,RR
32.8,LRM29_G_underwoodi,RR
32.98,LRM29_G_underwoodi,RR
33.09,LRM29_G_underwoodi,RR
33.11,LRM29_G_underwoodi,RR
33.25,LRM29_G_underwoodi,RR
33.37,LRM29_G_underwoodi,RR
33.5,LRM29_G_underwoodi,RR
33.64,LRM29_G_underwoodi,RR
33.67,LRM29_G_underwoodi,RR
32.83,LRM29_G_underwoodi,RR
31.57,LRM29_G_underwoodi,RR
30.81,LRM29_G_underwoodi,RR
30.31,LRM29_G_underwoodi,RR
31.92,LRM29_G_underwoodi,RR
31.69,LRM29_G_underwoodi,RR
31.5,LRM29_G_underwoodi,RR
31.64,LRM29_G_underwoodi,RR
31.8,LRM29_G_underwoodi,RR
31.98,LRM29_G_underwoodi,RR
32.13,LRM29_G_underwoodi,RR
30.91,LRM30_G_underwoodi,RR
30.94,LRM30_G_underwoodi,RR
30.95,LRM30_G_underwoodi,RR
30.93,LRM30_G_underwoodi,RR
30.98,LRM30_G_underwoodi,RR
30.89,LRM30_G_underwoodi,RR
30.8,LRM30_G_underwoodi,RR
30.77,LRM30_G_underwoodi,RR
30.78,LRM30_G_underwoodi,RR
30.72,LRM30_G_underwoodi,RR
30.7,LRM30_G_underwoodi,RR
30.72,LRM30_G_underwoodi,RR
30.66,LRM30_G_underwoodi,RR
30.79,LRM30_G_underwoodi,RR
30.94,LRM30_G_underwoodi,RR
31.71,LRM30_G_underwoodi,RR
32.17,LRM30_G_underwoodi,RR
32.54,LRM30_G_underwoodi,RR
32.74,LRM30_G_underwoodi,RR
32.83,LRM30_G_underwoodi,RR
32.88,LRM30_G_underwoodi,RR
32.99,LRM30_G_underwoodi,RR
33.11,LRM30_G_underwoodi,RR
33.22,LRM30_G_underwoodi,RR
33.1,LRM30_G_underwoodi,RR
33.09,LRM30_G_underwoodi,RR
33.08,LRM30_G_underwoodi,RR
33.16,LRM30_G_underwoodi,RR
33.21,LRM30_G_underwoodi,RR
33.28,LRM30_G_underwoodi,RR
33.28,LRM30_G_underwoodi,RR
33.4,LRM30_G_underwoodi,RR
33.56,LRM30_G_underwoodi,RR
33.46,LRM30_G_underwoodi,RR
33.03,LRM30_G_underwoodi,RR
30.68,LRM30_G_underwoodi,RR
30.73,LRM30_G_underwoodi,RR
30.77,LRM30_G_underwoodi,RR
31.28,LRM30_G_underwoodi,RR
31.37,LRM30_G_underwoodi,RR
31.71,LRM30_G_underwoodi,RR
31.11,LRM30_G_underwoodi,RR
30.81,LRM30_G_underwoodi,RR
30.83,LRM30_G_underwoodi,RR
30.84,LRM30_G_underwoodi,RR
30.81,LRM30_G_underwoodi,RR
30.82,LRM30_G_underwoodi,RR
30.84,LRM30_G_underwoodi,RR
30.86,LRM30_G_underwoodi,RR
30.86,LRM30_G_underwoodi,RR
30.85,LRM30_G_underwoodi,RR
30.87,LRM30_G_underwoodi,RR
30.35,LRM30_G_underwoodi,RR
32.58,LRM30_G_underwoodi,RR
32,LRM30_G_underwoodi,RR
31.63,LRM30_G_underwoodi,RR
31.51,LRM30_G_underwoodi,RR
31.46,LRM30_G_underwoodi,RR
31.43,LRM30_G_underwoodi,RR
31.41,LRM30_G_underwoodi,RR
31.36,LRM30_G_underwoodi,RR
31.3,LRM30_G_underwoodi,RR
31.24,LRM30_G_underwoodi,RR
31.17,LRM30_G_underwoodi,RR
31.16,LRM30_G_underwoodi,RR
31.16,LRM30_G_underwoodi,RR
31.16,LRM30_G_underwoodi,RR
31.18,LRM30_G_underwoodi,RR
31.22,LRM30_G_underwoodi,RR
31.52,LRM30_G_underwoodi,RR
31.89,LRM30_G_underwoodi,RR
32.29,LRM30_G_underwoodi,RR
32.56,LRM30_G_underwoodi,RR
32.82,LRM30_G_underwoodi,RR
32.87,LRM30_G_underwoodi,RR
33.02,LRM30_G_underwoodi,RR
32.43,LRM30_G_underwoodi,RR
29.59,LRM30_G_underwoodi,RR
30.78,LRM30_G_underwoodi,RR
30.84,LRM30_G_underwoodi,RR
30.53,LRM30_G_underwoodi,RR
30.48,LRM30_G_underwoodi,RR
31.01,LRM30_G_underwoodi,RR
31.2,LRM30_G_underwoodi,RR
31.16,LRM30_G_underwoodi,RR
31.57,LRM30_G_underwoodi,RR
31.75,LRM30_G_underwoodi,RR
31.79,LRM30_G_underwoodi,RR
31.59,LRM30_G_underwoodi,RR
31.82,LRM30_G_underwoodi,RR
32.2,LRM30_G_underwoodi,RR
30.6,LRM30_G_underwoodi,RR
30.92,LRM30_G_underwoodi,RR
30.92,LRM30_G_underwoodi,RR
30.8,LRM30_G_underwoodi,RR
30.78,LRM30_G_underwoodi,RR
30.72,LRM30_G_underwoodi,RR
31.25,LRM30_G_underwoodi,RR
31.38,LRM30_G_underwoodi,RR
31.38,LRM30_G_underwoodi,RR
31.7,LRM30_G_underwoodi,RR
32.06,LRM30_G_underwoodi,RR
32.06,LRM30_G_underwoodi,RR
32.18,LRM30_G_underwoodi,RR
32.38,LRM30_G_underwoodi,RR
32.73,LRM30_G_underwoodi,RR
33.05,LRM30_G_underwoodi,RR
31.11,LRM30_G_underwoodi,RR
31.79,LRM30_G_underwoodi,RR
31.95,LRM30_G_underwoodi,RR
31.48,LRM30_G_underwoodi,RR
31.37,LRM30_G_underwoodi,RR
31.33,LRM30_G_underwoodi,RR
31.34,LRM30_G_underwoodi,RR
31.33,LRM30_G_underwoodi,RR
31.32,LRM30_G_underwoodi,RR
31.62,LRM30_G_underwoodi,RR
31.61,LRM30_G_underwoodi,RR
31.75,LRM30_G_underwoodi,RR
31.67,LRM30_G_underwoodi,RR
32.38,LRM31_G_underwoodi,RR
32.33,LRM31_G_underwoodi,RR
32.33,LRM31_G_underwoodi,RR
32.46,LRM31_G_underwoodi,RR
32.43,LRM31_G_underwoodi,RR
32.4,LRM31_G_underwoodi,RR
32.41,LRM31_G_underwoodi,RR
32.37,LRM31_G_underwoodi,RR
32.19,LRM31_G_underwoodi,RR
31.97,LRM31_G_underwoodi,RR
31.71,LRM31_G_underwoodi,RR
31.7,LRM31_G_underwoodi,RR
31.63,LRM31_G_underwoodi,RR
31.72,LRM31_G_underwoodi,RR
31.86,LRM31_G_underwoodi,RR
31.99,LRM31_G_underwoodi,RR
32.11,LRM31_G_underwoodi,RR
32.1,LRM31_G_underwoodi,RR
30.97,LRM31_G_underwoodi,RR
30.19,LRM31_G_underwoodi,RR
29.77,LRM31_G_underwoodi,RR
29.74,LRM31_G_underwoodi,RR
29.61,LRM31_G_underwoodi,RR
29.52,LRM31_G_underwoodi,RR
29.61,LRM31_G_underwoodi,RR
29.68,LRM31_G_underwoodi,RR
29.73,LRM31_G_underwoodi,RR
29.53,LRM31_G_underwoodi,RR
29.26,LRM31_G_underwoodi,RR
29.5,LRM31_G_underwoodi,RR
29.88,LRM31_G_underwoodi,RR
30.53,LRM31_G_underwoodi,RR
31.02,LRM31_G_underwoodi,RR
31.36,LRM31_G_underwoodi,RR
31.56,LRM31_G_underwoodi,RR
31.72,LRM31_G_underwoodi,RR
31.82,LRM31_G_underwoodi,RR
31.95,LRM31_G_underwoodi,RR
32.04,LRM31_G_underwoodi,RR
31.98,LRM31_G_underwoodi,RR
31.93,LRM31_G_underwoodi,RR
31.81,LRM31_G_underwoodi,RR
31.76,LRM31_G_underwoodi,RR
31.77,LRM31_G_underwoodi,RR
31.96,LRM31_G_underwoodi,RR
32.06,LRM31_G_underwoodi,RR
32.13,LRM31_G_underwoodi,RR
32.22,LRM31_G_underwoodi,RR
32.37,LRM31_G_underwoodi,RR
32.45,LRM31_G_underwoodi,RR
32.56,LRM31_G_underwoodi,RR
32.6,LRM31_G_underwoodi,RR
32.63,LRM31_G_underwoodi,RR
32.63,LRM31_G_underwoodi,RR
32.6,LRM31_G_underwoodi,RR
32.62,LRM31_G_underwoodi,RR
32.57,LRM31_G_underwoodi,RR
32.6,LRM31_G_underwoodi,RR
32.41,LRM31_G_underwoodi,RR
32.32,LRM31_G_underwoodi,RR
32.23,LRM31_G_underwoodi,RR
32.23,LRM31_G_underwoodi,RR
32.26,LRM31_G_underwoodi,RR
31.85,LRM31_G_underwoodi,RR
30.73,LRM31_G_underwoodi,RR
30.53,LRM31_G_underwoodi,RR
30.41,LRM31_G_underwoodi,RR
30.34,LRM31_G_underwoodi,RR
30.31,LRM31_G_underwoodi,RR
30.27,LRM31_G_underwoodi,RR
30.32,LRM31_G_underwoodi,RR
30.34,LRM31_G_underwoodi,RR
30.33,LRM31_G_underwoodi,RR
30.3,LRM31_G_underwoodi,RR
30.28,LRM31_G_underwoodi,RR
30.27,LRM31_G_underwoodi,RR
30.27,LRM31_G_underwoodi,RR
30.26,LRM31_G_underwoodi,RR
30.22,LRM31_G_underwoodi,RR
30.21,LRM31_G_underwoodi,RR
30.23,LRM31_G_underwoodi,RR
30.24,LRM31_G_underwoodi,RR
30.25,LRM31_G_underwoodi,RR
30.23,LRM31_G_underwoodi,RR
30.24,LRM31_G_underwoodi,RR
30.24,LRM31_G_underwoodi,RR
30.24,LRM31_G_underwoodi,RR
30.25,LRM31_G_underwoodi,RR
30.24,LRM31_G_underwoodi,RR
30.28,LRM31_G_underwoodi,RR
30.55,LRM31_G_underwoodi,RR
30.81,LRM31_G_underwoodi,RR
31.2,LRM31_G_underwoodi,RR
31.55,LRM31_G_underwoodi,RR
31.81,LRM31_G_underwoodi,RR
32.05,LRM31_G_underwoodi,RR
32.26,LRM31_G_underwoodi,RR
32.46,LRM31_G_underwoodi,RR
32.54,LRM31_G_underwoodi,RR
32.6,LRM31_G_underwoodi,RR
32.63,LRM31_G_underwoodi,RR
32.57,LRM31_G_underwoodi,RR
32.56,LRM31_G_underwoodi,RR
32.58,LRM31_G_underwoodi,RR
32.42,LRM31_G_underwoodi,RR
32.31,LRM31_G_underwoodi,RR
32.35,LRM31_G_underwoodi,RR
32.3,LRM31_G_underwoodi,RR
32.34,LRM31_G_underwoodi,RR
32.25,LRM31_G_underwoodi,RR
32.23,LRM31_G_underwoodi,RR
32.23,LRM31_G_underwoodi,RR
32.22,LRM31_G_underwoodi,RR
32.28,LRM31_G_underwoodi,RR
32.38,LRM31_G_underwoodi,RR
32.25,LRM31_G_underwoodi,RR
32.3,LRM31_G_underwoodi,RR
32.4,LRM31_G_underwoodi,RR
32.45,LRM31_G_underwoodi,RR
32.5,LRM31_G_underwoodi,RR
22.7,LRM32_G_underwoodi,RR
22.74,LRM32_G_underwoodi,RR
22.72,LRM32_G_underwoodi,RR
22.74,LRM32_G_underwoodi,RR
22.92,LRM32_G_underwoodi,RR
23.61,LRM32_G_underwoodi,RR
23.9,LRM32_G_underwoodi,RR
24.03,LRM32_G_underwoodi,RR
24.21,LRM32_G_underwoodi,RR
24.3,LRM32_G_underwoodi,RR
24.39,LRM32_G_underwoodi,RR
24.45,LRM32_G_underwoodi,RR
24.55,LRM32_G_underwoodi,RR
24.61,LRM32_G_underwoodi,RR
24.75,LRM32_G_underwoodi,RR
24.27,LRM32_G_underwoodi,RR
24.26,LRM32_G_underwoodi,RR
24.5,LRM32_G_underwoodi,RR
24.63,LRM32_G_underwoodi,RR
25.67,LRM32_G_underwoodi,RR
26.56,LRM32_G_underwoodi,RR
27.09,LRM32_G_underwoodi,RR
27.69,LRM32_G_underwoodi,RR
28.1,LRM32_G_underwoodi,RR
28.34,LRM32_G_underwoodi,RR
28.6,LRM32_G_underwoodi,RR
28.94,LRM32_G_underwoodi,RR
29.37,LRM32_G_underwoodi,RR
30.23,LRM32_G_underwoodi,RR
30.84,LRM32_G_underwoodi,RR
31.11,LRM32_G_underwoodi,RR
31.45,LRM32_G_underwoodi,RR
31.79,LRM32_G_underwoodi,RR
32.06,LRM32_G_underwoodi,RR
32.18,LRM32_G_underwoodi,RR
32.32,LRM32_G_underwoodi,RR
32.47,LRM32_G_underwoodi,RR
32.68,LRM32_G_underwoodi,RR
32.82,LRM32_G_underwoodi,RR
32.94,LRM32_G_underwoodi,RR
33.04,LRM32_G_underwoodi,RR
33.08,LRM32_G_underwoodi,RR
33.19,LRM32_G_underwoodi,RR
33.24,LRM32_G_underwoodi,RR
32.65,LRM32_G_underwoodi,RR
28.47,LRM32_G_underwoodi,RR
26.85,LRM32_G_underwoodi,RR
25.33,LRM32_G_underwoodi,RR
25.96,LRM32_G_underwoodi,RR
26.13,LRM32_G_underwoodi,RR
26.27,LRM32_G_underwoodi,RR
27.1,LRM32_G_underwoodi,RR
27.7,LRM32_G_underwoodi,RR
28.21,LRM32_G_underwoodi,RR
28.65,LRM32_G_underwoodi,RR
28.93,LRM32_G_underwoodi,RR
29.22,LRM32_G_underwoodi,RR
29.46,LRM32_G_underwoodi,RR
29.64,LRM32_G_underwoodi,RR
29.78,LRM32_G_underwoodi,RR
30.18,LRM32_G_underwoodi,RR
30.62,LRM32_G_underwoodi,RR
30.99,LRM32_G_underwoodi,RR
31.28,LRM32_G_underwoodi,RR
31.55,LRM32_G_underwoodi,RR
32,LRM32_G_underwoodi,RR
32.32,LRM32_G_underwoodi,RR
31.34,LRM32_G_underwoodi,RR
29.37,LRM32_G_underwoodi,RR
29.58,LRM32_G_underwoodi,RR
29.8,LRM32_G_underwoodi,RR
30,LRM32_G_underwoodi,RR
30.19,LRM32_G_underwoodi,RR
30.39,LRM32_G_underwoodi,RR
30.61,LRM32_G_underwoodi,RR
30.85,LRM32_G_underwoodi,RR
31.09,LRM32_G_underwoodi,RR
31.54,LRM32_G_underwoodi,RR
31.97,LRM32_G_underwoodi,RR
32.31,LRM32_G_underwoodi,RR
32.64,LRM32_G_underwoodi,RR
32.87,LRM32_G_underwoodi,RR
33.01,LRM32_G_underwoodi,RR
33.13,LRM32_G_underwoodi,RR
33.23,LRM32_G_underwoodi,RR
33.32,LRM32_G_underwoodi,RR
33.05,LRM32_G_underwoodi,RR
32.79,LRM32_G_underwoodi,RR
32.61,LRM32_G_underwoodi,RR
31.86,LRM32_G_underwoodi,RR
30.29,LRM32_G_underwoodi,RR
30.05,LRM32_G_underwoodi,RR
29.8,LRM32_G_underwoodi,RR
29.74,LRM32_G_underwoodi,RR
30.01,LRM32_G_underwoodi,RR
30.31,LRM32_G_underwoodi,RR
30.74,LRM32_G_underwoodi,RR
31.27,LRM32_G_underwoodi,RR
31.72,LRM32_G_underwoodi,RR
32.16,LRM32_G_underwoodi,RR
32.52,LRM32_G_underwoodi,RR
32.65,LRM32_G_underwoodi,RR
32.77,LRM32_G_underwoodi,RR
32.9,LRM32_G_underwoodi,RR
32.97,LRM32_G_underwoodi,RR
33.02,LRM32_G_underwoodi,RR
33.22,LRM32_G_underwoodi,RR
33.53,LRM32_G_underwoodi,RR
33.43,LRM32_G_underwoodi,RR
33.41,LRM32_G_underwoodi,RR
33.47,LRM32_G_underwoodi,RR
33.5,LRM32_G_underwoodi,RR
33.66,LRM32_G_underwoodi,RR
33.83,LRM32_G_underwoodi,RR
33.78,LRM32_G_underwoodi,RR
33.87,LRM32_G_underwoodi,RR
33.85,LRM32_G_underwoodi,RR
33.66,LRM32_G_underwoodi,RR
33.53,LRM32_G_underwoodi,RR
33.4,LRM32_G_underwoodi,RR
33.51,LRM33_G_underwoodi,RR
33.41,LRM33_G_underwoodi,RR
33.32,LRM33_G_underwoodi,RR
33.24,LRM33_G_underwoodi,RR
33.41,LRM33_G_underwoodi,RR
33.58,LRM33_G_underwoodi,RR
33.83,LRM33_G_underwoodi,RR
33.6,LRM33_G_underwoodi,RR
33.56,LRM33_G_underwoodi,RR
33.41,LRM33_G_underwoodi,RR
33.38,LRM33_G_underwoodi,RR
33.4,LRM33_G_underwoodi,RR
33.52,LRM33_G_underwoodi,RR
33.5,LRM33_G_underwoodi,RR
33.46,LRM33_G_underwoodi,RR
33.33,LRM33_G_underwoodi,RR
33.41,LRM33_G_underwoodi,RR
33.4,LRM33_G_underwoodi,RR
33.46,LRM33_G_underwoodi,RR
33.37,LRM33_G_underwoodi,RR
33.27,LRM33_G_underwoodi,RR
33.25,LRM33_G_underwoodi,RR
33.18,LRM33_G_underwoodi,RR
33.12,LRM33_G_underwoodi,RR
33.11,LRM33_G_underwoodi,RR
33.1,LRM33_G_underwoodi,RR
33.13,LRM33_G_underwoodi,RR
33.23,LRM33_G_underwoodi,RR
33.32,LRM33_G_underwoodi,RR
33.34,LRM33_G_underwoodi,RR
33.35,LRM33_G_underwoodi,RR
33.4,LRM33_G_underwoodi,RR
33.55,LRM33_G_underwoodi,RR
33.53,LRM33_G_underwoodi,RR
33.45,LRM33_G_underwoodi,RR
33.48,LRM33_G_underwoodi,RR
33.6,LRM33_G_underwoodi,RR
33.6,LRM33_G_underwoodi,RR
33.5,LRM33_G_underwoodi,RR
33.26,LRM33_G_underwoodi,RR
33.07,LRM33_G_underwoodi,RR
33.18,LRM33_G_underwoodi,RR
33.31,LRM33_G_underwoodi,RR
33.44,LRM33_G_underwoodi,RR
33.59,LRM33_G_underwoodi,RR
33.65,LRM33_G_underwoodi,RR
33.73,LRM33_G_underwoodi,RR
33.74,LRM33_G_underwoodi,RR
33.69,LRM33_G_underwoodi,RR
33.68,LRM33_G_underwoodi,RR
33.7,LRM33_G_underwoodi,RR
33.65,LRM33_G_underwoodi,RR
33.55,LRM33_G_underwoodi,RR
32.82,LRM33_G_underwoodi,RR
32.65,LRM33_G_underwoodi,RR
32.72,LRM33_G_underwoodi,RR
32.81,LRM33_G_underwoodi,RR
32.86,LRM33_G_underwoodi,RR
32.93,LRM33_G_underwoodi,RR
32.94,LRM33_G_underwoodi,RR
33,LRM33_G_underwoodi,RR
33.07,LRM33_G_underwoodi,RR
33.12,LRM33_G_underwoodi,RR
33.11,LRM33_G_underwoodi,RR
33.02,LRM33_G_underwoodi,RR
33.03,LRM33_G_underwoodi,RR
32.97,LRM33_G_underwoodi,RR
33.03,LRM33_G_underwoodi,RR
33.08,LRM33_G_underwoodi,RR
33.1,LRM33_G_underwoodi,RR
33.06,LRM33_G_underwoodi,RR
33.02,LRM33_G_underwoodi,RR
33.07,LRM33_G_underwoodi,RR
32.3,LRM33_G_underwoodi,RR
31.95,LRM33_G_underwoodi,RR
32.12,LRM33_G_underwoodi,RR
32.05,LRM33_G_underwoodi,RR
32.11,LRM33_G_underwoodi,RR
32.17,LRM33_G_underwoodi,RR
32.17,LRM33_G_underwoodi,RR
32.07,LRM33_G_underwoodi,RR
32,LRM33_G_underwoodi,RR
31.9,LRM33_G_underwoodi,RR
31.85,LRM33_G_underwoodi,RR
31.84,LRM33_G_underwoodi,RR
31.8,LRM33_G_underwoodi,RR
31.77,LRM33_G_underwoodi,RR
31.71,LRM33_G_underwoodi,RR
31.68,LRM33_G_underwoodi,RR
31.7,LRM33_G_underwoodi,RR
31.77,LRM33_G_underwoodi,RR
31.98,LRM33_G_underwoodi,RR
32.27,LRM33_G_underwoodi,RR
32.55,LRM33_G_underwoodi,RR
32.71,LRM33_G_underwoodi,RR
32.79,LRM33_G_underwoodi,RR
32.83,LRM33_G_underwoodi,RR
32.94,LRM33_G_underwoodi,RR
32.97,LRM33_G_underwoodi,RR
33.01,LRM33_G_underwoodi,RR
33.06,LRM33_G_underwoodi,RR
33.08,LRM33_G_underwoodi,RR
33.13,LRM33_G_underwoodi,RR
33.25,LRM33_G_underwoodi,RR
33.45,LRM33_G_underwoodi,RR
33.61,LRM33_G_underwoodi,RR
33.69,LRM33_G_underwoodi,RR
33.71,LRM33_G_underwoodi,RR
33.73,LRM33_G_underwoodi,RR
33.85,LRM33_G_underwoodi,RR
33.92,LRM33_G_underwoodi,RR
33.62,LRM33_G_underwoodi,RR
33.46,LRM33_G_underwoodi,RR
33.35,LRM33_G_underwoodi,RR
33.22,LRM33_G_underwoodi,RR
33.29,LRM33_G_underwoodi,RR
33.42,LRM33_G_underwoodi,RR
33.52,LRM33_G_underwoodi,RR
33.64,LRM33_G_underwoodi,RR
33.7,LRM33_G_underwoodi,RR
32.77,LRM34_G_underwoodi,RR
32.96,LRM34_G_underwoodi,RR
33.16,LRM34_G_underwoodi,RR
33.34,LRM34_G_underwoodi,RR
33.46,LRM34_G_underwoodi,RR
33.47,LRM34_G_underwoodi,RR
33.41,LRM34_G_underwoodi,RR
33.35,LRM34_G_underwoodi,RR
33.36,LRM34_G_underwoodi,RR
33.31,LRM34_G_underwoodi,RR
33.46,LRM34_G_underwoodi,RR
33.55,LRM34_G_underwoodi,RR
33.63,LRM34_G_underwoodi,RR
33.67,LRM34_G_underwoodi,RR
33.71,LRM34_G_underwoodi,RR
33.72,LRM34_G_underwoodi,RR
33.92,LRM34_G_underwoodi,RR
34.04,LRM34_G_underwoodi,RR
34.05,LRM34_G_underwoodi,RR
34.08,LRM34_G_underwoodi,RR
33.96,LRM34_G_underwoodi,RR
33.95,LRM34_G_underwoodi,RR
33.97,LRM34_G_underwoodi,RR
33.96,LRM34_G_underwoodi,RR
33.38,LRM34_G_underwoodi,RR
32.98,LRM34_G_underwoodi,RR
32.62,LRM34_G_underwoodi,RR
32.36,LRM34_G_underwoodi,RR
32.06,LRM34_G_underwoodi,RR
31.9,LRM34_G_underwoodi,RR
31.92,LRM34_G_underwoodi,RR
32.19,LRM34_G_underwoodi,RR
32.43,LRM34_G_underwoodi,RR
32.61,LRM34_G_underwoodi,RR
32.83,LRM34_G_underwoodi,RR
33.1,LRM34_G_underwoodi,RR
33.24,LRM34_G_underwoodi,RR
33.44,LRM34_G_underwoodi,RR
33.61,LRM34_G_underwoodi,RR
33.63,LRM34_G_underwoodi,RR
33.85,LRM34_G_underwoodi,RR
33.98,LRM34_G_underwoodi,RR
34.02,LRM34_G_underwoodi,RR
33.92,LRM34_G_underwoodi,RR
33.9,LRM34_G_underwoodi,RR
33.7,LRM34_G_underwoodi,RR
33.76,LRM34_G_underwoodi,RR
33.8,LRM34_G_underwoodi,RR
33.95,LRM34_G_underwoodi,RR
33.97,LRM34_G_underwoodi,RR
33.94,LRM34_G_underwoodi,RR
33.78,LRM34_G_underwoodi,RR
33.7,LRM34_G_underwoodi,RR
33.7,LRM34_G_underwoodi,RR
33.7,LRM34_G_underwoodi,RR
33.67,LRM34_G_underwoodi,RR
33.75,LRM34_G_underwoodi,RR
33.88,LRM34_G_underwoodi,RR
33.87,LRM34_G_underwoodi,RR
33,LRM34_G_underwoodi,RR
33.29,LRM34_G_underwoodi,RR
33.41,LRM34_G_underwoodi,RR
33.66,LRM34_G_underwoodi,RR
33.72,LRM34_G_underwoodi,RR
33.75,LRM34_G_underwoodi,RR
33.66,LRM34_G_underwoodi,RR
33.78,LRM34_G_underwoodi,RR
33.93,LRM34_G_underwoodi,RR
34.07,LRM34_G_underwoodi,RR
33.89,LRM34_G_underwoodi,RR
32.92,LRM34_G_underwoodi,RR
31.17,LRM34_G_underwoodi,RR
31.3,LRM34_G_underwoodi,RR
31.97,LRM34_G_underwoodi,RR
31.91,LRM34_G_underwoodi,RR
31.97,LRM34_G_underwoodi,RR
31.51,LRM34_G_underwoodi,RR
31.41,LRM34_G_underwoodi,RR
31.34,LRM34_G_underwoodi,RR
31.31,LRM34_G_underwoodi,RR
31.22,LRM34_G_underwoodi,RR
31.21,LRM34_G_underwoodi,RR
31.08,LRM34_G_underwoodi,RR
31.45,LRM34_G_underwoodi,RR
31.93,LRM34_G_underwoodi,RR
32.48,LRM34_G_underwoodi,RR
32.93,LRM34_G_underwoodi,RR
33.16,LRM34_G_underwoodi,RR
33.38,LRM34_G_underwoodi,RR
33.52,LRM34_G_underwoodi,RR
33.65,LRM34_G_underwoodi,RR
33.77,LRM34_G_underwoodi,RR
33.49,LRM34_G_underwoodi,RR
33.09,LRM34_G_underwoodi,RR
33.58,LRM34_G_underwoodi,RR
33.69,LRM34_G_underwoodi,RR
33.7,LRM34_G_underwoodi,RR
33.68,LRM34_G_underwoodi,RR
33.77,LRM34_G_underwoodi,RR
33.8,LRM34_G_underwoodi,RR
33.73,LRM34_G_underwoodi,RR
32.34,LRM34_G_underwoodi,RR
31.8,LRM34_G_underwoodi,RR
31.46,LRM34_G_underwoodi,RR
31.22,LRM34_G_underwoodi,RR
31.03,LRM34_G_underwoodi,RR
30.95,LRM34_G_underwoodi,RR
30.85,LRM34_G_underwoodi,RR
30.89,LRM34_G_underwoodi,RR
30.96,LRM34_G_underwoodi,RR
30.92,LRM34_G_underwoodi,RR
30.87,LRM34_G_underwoodi,RR
30.84,LRM34_G_underwoodi,RR
30.76,LRM34_G_underwoodi,RR
31.53,LRM34_G_underwoodi,RR
32.15,LRM34_G_underwoodi,RR
32.53,LRM34_G_underwoodi,RR
33,LRM34_G_underwoodi,RR
33.31,LRM34_G_underwoodi,RR
33.44,LRM34_G_underwoodi,RR
29.79,LRM36_G_underwoodi,AM
29.87,LRM36_G_underwoodi,AM
29.98,LRM36_G_underwoodi,AM
30.06,LRM36_G_underwoodi,AM
30.12,LRM36_G_underwoodi,AM
30.25,LRM36_G_underwoodi,AM
30.38,LRM36_G_underwoodi,AM
30.48,LRM36_G_underwoodi,AM
30.56,LRM36_G_underwoodi,AM
30.64,LRM36_G_underwoodi,AM
30.68,LRM36_G_underwoodi,AM
30.74,LRM36_G_underwoodi,AM
30.81,LRM36_G_underwoodi,AM
30.86,LRM36_G_underwoodi,AM
30.92,LRM36_G_underwoodi,AM
30.95,LRM36_G_underwoodi,AM
30.98,LRM36_G_underwoodi,AM
31.01,LRM36_G_underwoodi,AM
31.03,LRM36_G_underwoodi,AM
31.04,LRM36_G_underwoodi,AM
31.05,LRM36_G_underwoodi,AM
31.05,LRM36_G_underwoodi,AM
31.06,LRM36_G_underwoodi,AM
31.1,LRM36_G_underwoodi,AM
31.12,LRM36_G_underwoodi,AM
31.11,LRM36_G_underwoodi,AM
31.09,LRM36_G_underwoodi,AM
31.1,LRM36_G_underwoodi,AM
31.1,LRM36_G_underwoodi,AM
31.1,LRM36_G_underwoodi,AM
31.11,LRM36_G_underwoodi,AM
31.11,LRM36_G_underwoodi,AM
31.14,LRM36_G_underwoodi,AM
31.17,LRM36_G_underwoodi,AM
31.12,LRM36_G_underwoodi,AM
31.06,LRM36_G_underwoodi,AM
31.09,LRM36_G_underwoodi,AM
31.1,LRM36_G_underwoodi,AM
31.11,LRM36_G_underwoodi,AM
31.12,LRM36_G_underwoodi,AM
31.16,LRM36_G_underwoodi,AM
31.18,LRM36_G_underwoodi,AM
31.18,LRM36_G_underwoodi,AM
31.19,LRM36_G_underwoodi,AM
31.2,LRM36_G_underwoodi,AM
31.23,LRM36_G_underwoodi,AM
31.23,LRM36_G_underwoodi,AM
31.23,LRM36_G_underwoodi,AM
31.21,LRM36_G_underwoodi,AM
31.14,LRM36_G_underwoodi,AM
31.08,LRM36_G_underwoodi,AM
31.03,LRM36_G_underwoodi,AM
30.98,LRM36_G_underwoodi,AM
30.95,LRM36_G_underwoodi,AM
30.93,LRM36_G_underwoodi,AM
30.92,LRM36_G_underwoodi,AM
30.89,LRM36_G_underwoodi,AM
30.9,LRM36_G_underwoodi,AM
30.91,LRM36_G_underwoodi,AM
30.91,LRM36_G_underwoodi,AM
30.92,LRM36_G_underwoodi,AM
30.93,LRM36_G_underwoodi,AM
30.92,LRM36_G_underwoodi,AM
30.91,LRM36_G_underwoodi,AM
30.89,LRM36_G_underwoodi,AM
30.86,LRM36_G_underwoodi,AM
30.84,LRM36_G_underwoodi,AM
30.83,LRM36_G_underwoodi,AM
30.85,LRM36_G_underwoodi,AM
30.85,LRM36_G_underwoodi,AM
30.84,LRM36_G_underwoodi,AM
30.84,LRM36_G_underwoodi,AM
30.84,LRM36_G_underwoodi,AM
30.89,LRM36_G_underwoodi,AM
30.94,LRM36_G_underwoodi,AM
31,LRM36_G_underwoodi,AM
31.04,LRM36_G_underwoodi,AM
31.11,LRM36_G_underwoodi,AM
31.28,LRM36_G_underwoodi,AM
31.37,LRM36_G_underwoodi,AM
31.43,LRM36_G_underwoodi,AM
31.47,LRM36_G_underwoodi,AM
31.51,LRM36_G_underwoodi,AM
31.55,LRM36_G_underwoodi,AM
31.57,LRM36_G_underwoodi,AM
31.56,LRM36_G_underwoodi,AM
31.54,LRM36_G_underwoodi,AM
31.51,LRM36_G_underwoodi,AM
31.5,LRM36_G_underwoodi,AM
31.51,LRM36_G_underwoodi,AM
31.56,LRM36_G_underwoodi,AM
31.58,LRM36_G_underwoodi,AM
31.61,LRM36_G_underwoodi,AM
31.62,LRM36_G_underwoodi,AM
31.62,LRM36_G_underwoodi,AM
31.58,LRM36_G_underwoodi,AM
31.56,LRM36_G_underwoodi,AM
31.52,LRM36_G_underwoodi,AM
31.47,LRM36_G_underwoodi,AM
31.4,LRM36_G_underwoodi,AM
31.41,LRM36_G_underwoodi,AM
31.44,LRM36_G_underwoodi,AM
31.44,LRM36_G_underwoodi,AM
31.43,LRM36_G_underwoodi,AM
31.41,LRM36_G_underwoodi,AM
31.4,LRM36_G_underwoodi,AM
31.4,LRM36_G_underwoodi,AM
31.39,LRM36_G_underwoodi,AM
31.39,LRM36_G_underwoodi,AM
31.4,LRM36_G_underwoodi,AM
31.39,LRM36_G_underwoodi,AM
31.31,LRM36_G_underwoodi,AM
31.05,LRM36_G_underwoodi,AM
30.92,LRM36_G_underwoodi,AM
30.84,LRM36_G_underwoodi,AM
30.8,LRM36_G_underwoodi,AM
30.76,LRM36_G_underwoodi,AM
31.12,LRM36_G_underwoodi,AM
30.66,LRM36_G_underwoodi,AM
30.68,LRM36_G_underwoodi,AM
30.21,LRM37_G_underwoodi,AM
30.6,LRM37_G_underwoodi,AM
29.5,LRM37_G_underwoodi,AM
29.87,LRM37_G_underwoodi,AM
30,LRM37_G_underwoodi,AM
30.1,LRM37_G_underwoodi,AM
30.2,LRM37_G_underwoodi,AM
30.3,LRM37_G_underwoodi,AM
30.37,LRM37_G_underwoodi,AM
30.44,LRM37_G_underwoodi,AM
30.73,LRM37_G_underwoodi,AM
31.16,LRM37_G_underwoodi,AM
31.44,LRM37_G_underwoodi,AM
31.71,LRM37_G_underwoodi,AM
31.93,LRM37_G_underwoodi,AM
30.48,LRM37_G_underwoodi,AM
30.45,LRM37_G_underwoodi,AM
30.9,LRM37_G_underwoodi,AM
31.23,LRM37_G_underwoodi,AM
31.29,LRM37_G_underwoodi,AM
31.14,LRM37_G_underwoodi,AM
31.52,LRM37_G_underwoodi,AM
31.71,LRM37_G_underwoodi,AM
31.82,LRM37_G_underwoodi,AM
31.51,LRM37_G_underwoodi,AM
31.28,LRM37_G_underwoodi,AM
31.54,LRM37_G_underwoodi,AM
31.62,LRM37_G_underwoodi,AM
31.46,LRM37_G_underwoodi,AM
31.78,LRM37_G_underwoodi,AM
31.92,LRM37_G_underwoodi,AM
32.05,LRM37_G_underwoodi,AM
32.14,LRM37_G_underwoodi,AM
32.22,LRM37_G_underwoodi,AM
32.27,LRM37_G_underwoodi,AM
32.32,LRM37_G_underwoodi,AM
32.38,LRM37_G_underwoodi,AM
32.42,LRM37_G_underwoodi,AM
32.44,LRM37_G_underwoodi,AM
32.46,LRM37_G_underwoodi,AM
32.49,LRM37_G_underwoodi,AM
32.51,LRM37_G_underwoodi,AM
32.55,LRM37_G_underwoodi,AM
32.57,LRM37_G_underwoodi,AM
32.59,LRM37_G_underwoodi,AM
32.52,LRM37_G_underwoodi,AM
31.73,LRM37_G_underwoodi,AM
31.24,LRM37_G_underwoodi,AM
30.89,LRM37_G_underwoodi,AM
30.62,LRM37_G_underwoodi,AM
30.96,LRM37_G_underwoodi,AM
31.65,LRM37_G_underwoodi,AM
30.59,LRM37_G_underwoodi,AM
30.3,LRM37_G_underwoodi,AM
30.04,LRM37_G_underwoodi,AM
29.87,LRM37_G_underwoodi,AM
29.73,LRM37_G_underwoodi,AM
30.1,LRM37_G_underwoodi,AM
30.55,LRM37_G_underwoodi,AM
30.62,LRM37_G_underwoodi,AM
30.87,LRM37_G_underwoodi,AM
31.22,LRM37_G_underwoodi,AM
31.29,LRM37_G_underwoodi,AM
31.47,LRM37_G_underwoodi,AM
31.56,LRM37_G_underwoodi,AM
31.85,LRM37_G_underwoodi,AM
32.05,LRM37_G_underwoodi,AM
32.19,LRM37_G_underwoodi,AM
32.22,LRM37_G_underwoodi,AM
32.28,LRM37_G_underwoodi,AM
32.39,LRM37_G_underwoodi,AM
32.63,LRM37_G_underwoodi,AM
32.63,LRM37_G_underwoodi,AM
32.72,LRM37_G_underwoodi,AM
32.81,LRM37_G_underwoodi,AM
32.89,LRM37_G_underwoodi,AM
33.01,LRM37_G_underwoodi,AM
32.63,LRM37_G_underwoodi,AM
32.48,LRM37_G_underwoodi,AM
32.37,LRM37_G_underwoodi,AM
32.43,LRM37_G_underwoodi,AM
32.49,LRM37_G_underwoodi,AM
32.77,LRM37_G_underwoodi,AM
32.91,LRM37_G_underwoodi,AM
32.99,LRM37_G_underwoodi,AM
33.03,LRM37_G_underwoodi,AM
32.75,LRM37_G_underwoodi,AM
32.75,LRM37_G_underwoodi,AM
32.91,LRM37_G_underwoodi,AM
33.02,LRM37_G_underwoodi,AM
33.13,LRM37_G_underwoodi,AM
33.2,LRM37_G_underwoodi,AM
33.31,LRM37_G_underwoodi,AM
33.34,LRM37_G_underwoodi,AM
33.3,LRM37_G_underwoodi,AM
32.87,LRM37_G_underwoodi,AM
33.08,LRM37_G_underwoodi,AM
33.27,LRM37_G_underwoodi,AM
33.25,LRM37_G_underwoodi,AM
33.22,LRM37_G_underwoodi,AM
33.27,LRM37_G_underwoodi,AM
33.33,LRM37_G_underwoodi,AM
33.37,LRM37_G_underwoodi,AM
33.25,LRM37_G_underwoodi,AM
33.29,LRM37_G_underwoodi,AM
33.36,LRM37_G_underwoodi,AM
33.46,LRM37_G_underwoodi,AM
33.36,LRM37_G_underwoodi,AM
33.49,LRM37_G_underwoodi,AM
33.51,LRM37_G_underwoodi,AM
33.49,LRM37_G_underwoodi,AM
33.53,LRM37_G_underwoodi,AM
33.42,LRM37_G_underwoodi,AM
33.32,LRM37_G_underwoodi,AM
33.4,LRM37_G_underwoodi,AM
33.26,LRM37_G_underwoodi,AM
33.29,LRM37_G_underwoodi,AM
33.33,LRM37_G_underwoodi,AM
33.44,LRM37_G_underwoodi,AM
33.57,LRM37_G_underwoodi,AM
26.93,LRM38_G_underwoodi,AM
27.45,LRM38_G_underwoodi,AM
27.91,LRM38_G_underwoodi,AM
28.32,LRM38_G_underwoodi,AM
28.57,LRM38_G_underwoodi,AM
28.84,LRM38_G_underwoodi,AM
28.99,LRM38_G_underwoodi,AM
28.54,LRM38_G_underwoodi,AM
27.98,LRM38_G_underwoodi,AM
28.67,LRM38_G_underwoodi,AM
28.8,LRM38_G_underwoodi,AM
28.91,LRM38_G_underwoodi,AM
29.05,LRM38_G_underwoodi,AM
29.16,LRM38_G_underwoodi,AM
29.39,LRM38_G_underwoodi,AM
29.86,LRM38_G_underwoodi,AM
30.15,LRM38_G_underwoodi,AM
30.34,LRM38_G_underwoodi,AM
30.23,LRM38_G_underwoodi,AM
30.19,LRM38_G_underwoodi,AM
30.21,LRM38_G_underwoodi,AM
28.9,LRM38_G_underwoodi,AM
28.89,LRM38_G_underwoodi,AM
29.13,LRM38_G_underwoodi,AM
29.27,LRM38_G_underwoodi,AM
29.43,LRM38_G_underwoodi,AM
29.55,LRM38_G_underwoodi,AM
29.64,LRM38_G_underwoodi,AM
29.72,LRM38_G_underwoodi,AM
29.8,LRM38_G_underwoodi,AM
29.87,LRM38_G_underwoodi,AM
29.94,LRM38_G_underwoodi,AM
30.07,LRM38_G_underwoodi,AM
30.22,LRM38_G_underwoodi,AM
30.56,LRM38_G_underwoodi,AM
29.55,LRM38_G_underwoodi,AM
29.68,LRM38_G_underwoodi,AM
29.56,LRM38_G_underwoodi,AM
29.67,LRM38_G_underwoodi,AM
30.03,LRM38_G_underwoodi,AM
30.39,LRM38_G_underwoodi,AM
30.63,LRM38_G_underwoodi,AM
30.88,LRM38_G_underwoodi,AM
30.92,LRM38_G_underwoodi,AM
30.91,LRM38_G_underwoodi,AM
30.83,LRM38_G_underwoodi,AM
30.95,LRM38_G_underwoodi,AM
31.1,LRM38_G_underwoodi,AM
31.21,LRM38_G_underwoodi,AM
31.29,LRM38_G_underwoodi,AM
31.36,LRM38_G_underwoodi,AM
31.43,LRM38_G_underwoodi,AM
31.37,LRM38_G_underwoodi,AM
31.32,LRM38_G_underwoodi,AM
31.31,LRM38_G_underwoodi,AM
31.47,LRM38_G_underwoodi,AM
31.45,LRM38_G_underwoodi,AM
31.62,LRM38_G_underwoodi,AM
31.68,LRM38_G_underwoodi,AM
30.16,LRM38_G_underwoodi,AM
30.21,LRM38_G_underwoodi,AM
30.42,LRM38_G_underwoodi,AM
30.53,LRM38_G_underwoodi,AM
30.65,LRM38_G_underwoodi,AM
30.86,LRM38_G_underwoodi,AM
30.99,LRM38_G_underwoodi,AM
30.83,LRM38_G_underwoodi,AM
31.02,LRM38_G_underwoodi,AM
31.22,LRM38_G_underwoodi,AM
31.32,LRM38_G_underwoodi,AM
31.4,LRM38_G_underwoodi,AM
31.27,LRM38_G_underwoodi,AM
31.32,LRM38_G_underwoodi,AM
31.38,LRM38_G_underwoodi,AM
31.44,LRM38_G_underwoodi,AM
31.46,LRM38_G_underwoodi,AM
31.6,LRM38_G_underwoodi,AM
31.73,LRM38_G_underwoodi,AM
31.88,LRM38_G_underwoodi,AM
32.07,LRM38_G_underwoodi,AM
32.22,LRM38_G_underwoodi,AM
32.29,LRM38_G_underwoodi,AM
32.35,LRM38_G_underwoodi,AM
32.47,LRM38_G_underwoodi,AM
32.57,LRM38_G_underwoodi,AM
32.58,LRM38_G_underwoodi,AM
32.64,LRM38_G_underwoodi,AM
32.65,LRM38_G_underwoodi,AM
32.65,LRM38_G_underwoodi,AM
32.55,LRM38_G_underwoodi,AM
32.66,LRM38_G_underwoodi,AM
32.67,LRM38_G_underwoodi,AM
32.02,LRM38_G_underwoodi,AM
29.16,LRM38_G_underwoodi,AM
27.23,LRM38_G_underwoodi,AM
25.5,LRM38_G_underwoodi,AM
24.87,LRM38_G_underwoodi,AM
24.07,LRM38_G_underwoodi,AM
23.4,LRM38_G_underwoodi,AM
22.92,LRM38_G_underwoodi,AM
22.51,LRM38_G_underwoodi,AM
22.31,LRM38_G_underwoodi,AM
21.93,LRM38_G_underwoodi,AM
21.71,LRM38_G_underwoodi,AM
21.55,LRM38_G_underwoodi,AM
21.43,LRM38_G_underwoodi,AM
21.37,LRM38_G_underwoodi,AM
21.3,LRM38_G_underwoodi,AM
21.27,LRM38_G_underwoodi,AM
21.25,LRM38_G_underwoodi,AM
21.26,LRM38_G_underwoodi,AM
21.26,LRM38_G_underwoodi,AM
21.28,LRM38_G_underwoodi,AM
21.29,LRM38_G_underwoodi,AM
21.38,LRM38_G_underwoodi,AM
21.37,LRM38_G_underwoodi,AM
21.37,LRM38_G_underwoodi,AM
21.4,LRM38_G_underwoodi,AM
21.44,LRM38_G_underwoodi,AM
21.37,LRM38_G_underwoodi,AM
31.71,LRM39_G_underwoodi,AM
31.74,LRM39_G_underwoodi,AM
31.75,LRM39_G_underwoodi,AM
31.78,LRM39_G_underwoodi,AM
31.81,LRM39_G_underwoodi,AM
31.84,LRM39_G_underwoodi,AM
31.77,LRM39_G_underwoodi,AM
31.76,LRM39_G_underwoodi,AM
31.77,LRM39_G_underwoodi,AM
31.79,LRM39_G_underwoodi,AM
31.82,LRM39_G_underwoodi,AM
31.83,LRM39_G_underwoodi,AM
31.84,LRM39_G_underwoodi,AM
31.86,LRM39_G_underwoodi,AM
31.87,LRM39_G_underwoodi,AM
31.84,LRM39_G_underwoodi,AM
31.82,LRM39_G_underwoodi,AM
31.86,LRM39_G_underwoodi,AM
31.95,LRM39_G_underwoodi,AM
31.96,LRM39_G_underwoodi,AM
30.93,LRM39_G_underwoodi,AM
31.28,LRM39_G_underwoodi,AM
31.09,LRM39_G_underwoodi,AM
31.07,LRM39_G_underwoodi,AM
31.42,LRM39_G_underwoodi,AM
31.73,LRM39_G_underwoodi,AM
31.96,LRM39_G_underwoodi,AM
32.15,LRM39_G_underwoodi,AM
32.35,LRM39_G_underwoodi,AM
32.52,LRM39_G_underwoodi,AM
31.05,LRM39_G_underwoodi,AM
31.46,LRM39_G_underwoodi,AM
31.28,LRM39_G_underwoodi,AM
31.32,LRM39_G_underwoodi,AM
31.33,LRM39_G_underwoodi,AM
31.46,LRM39_G_underwoodi,AM
31.6,LRM39_G_underwoodi,AM
31.87,LRM39_G_underwoodi,AM
32.05,LRM39_G_underwoodi,AM
32.19,LRM39_G_underwoodi,AM
32.29,LRM39_G_underwoodi,AM
32.36,LRM39_G_underwoodi,AM
32.42,LRM39_G_underwoodi,AM
32.46,LRM39_G_underwoodi,AM
32.46,LRM39_G_underwoodi,AM
32.48,LRM39_G_underwoodi,AM
32.47,LRM39_G_underwoodi,AM
32.46,LRM39_G_underwoodi,AM
32.44,LRM39_G_underwoodi,AM
32.44,LRM39_G_underwoodi,AM
32.44,LRM39_G_underwoodi,AM
32.42,LRM39_G_underwoodi,AM
32.41,LRM39_G_underwoodi,AM
32.4,LRM39_G_underwoodi,AM
32.39,LRM39_G_underwoodi,AM
32.38,LRM39_G_underwoodi,AM
32.37,LRM39_G_underwoodi,AM
32.4,LRM39_G_underwoodi,AM
32.53,LRM39_G_underwoodi,AM
32.68,LRM39_G_underwoodi,AM
32.52,LRM39_G_underwoodi,AM
32.43,LRM39_G_underwoodi,AM
32.37,LRM39_G_underwoodi,AM
32.33,LRM39_G_underwoodi,AM
32.5,LRM39_G_underwoodi,AM
32.65,LRM39_G_underwoodi,AM
32.79,LRM39_G_underwoodi,AM
32.2,LRM39_G_underwoodi,AM
32.15,LRM39_G_underwoodi,AM
31.96,LRM39_G_underwoodi,AM
31.87,LRM39_G_underwoodi,AM
31.81,LRM39_G_underwoodi,AM
31.78,LRM39_G_underwoodi,AM
31.77,LRM39_G_underwoodi,AM
31.79,LRM39_G_underwoodi,AM
31.81,LRM39_G_underwoodi,AM
31.81,LRM39_G_underwoodi,AM
31.81,LRM39_G_underwoodi,AM
31.79,LRM39_G_underwoodi,AM
31.89,LRM39_G_underwoodi,AM
32,LRM39_G_underwoodi,AM
31.97,LRM39_G_underwoodi,AM
32.03,LRM39_G_underwoodi,AM
32.14,LRM39_G_underwoodi,AM
32.22,LRM39_G_underwoodi,AM
32.29,LRM39_G_underwoodi,AM
32.34,LRM39_G_underwoodi,AM
32.39,LRM39_G_underwoodi,AM
32.42,LRM39_G_underwoodi,AM
32.44,LRM39_G_underwoodi,AM
32.46,LRM39_G_underwoodi,AM
32.5,LRM39_G_underwoodi,AM
32.55,LRM39_G_underwoodi,AM
32.61,LRM39_G_underwoodi,AM
32.62,LRM39_G_underwoodi,AM
32.62,LRM39_G_underwoodi,AM
32.63,LRM39_G_underwoodi,AM
32.56,LRM39_G_underwoodi,AM
32.28,LRM39_G_underwoodi,AM
32.12,LRM39_G_underwoodi,AM
32,LRM39_G_underwoodi,AM
31.93,LRM39_G_underwoodi,AM
31.89,LRM39_G_underwoodi,AM
31.81,LRM39_G_underwoodi,AM
31.8,LRM39_G_underwoodi,AM
31.77,LRM39_G_underwoodi,AM
31.77,LRM39_G_underwoodi,AM
31.73,LRM39_G_underwoodi,AM
31.7,LRM39_G_underwoodi,AM
31.69,LRM39_G_underwoodi,AM
31.68,LRM39_G_underwoodi,AM
31.7,LRM39_G_underwoodi,AM
31.76,LRM39_G_underwoodi,AM
31.77,LRM39_G_underwoodi,AM
31.74,LRM39_G_underwoodi,AM
31.72,LRM39_G_underwoodi,AM
31.71,LRM39_G_underwoodi,AM
31.69,LRM39_G_underwoodi,AM
31.64,LRM39_G_underwoodi,AM
31.63,LRM39_G_underwoodi,AM
30.73,LRM40_G_underwoodi,AM
30.89,LRM40_G_underwoodi,AM
31.1,LRM40_G_underwoodi,AM
30.78,LRM40_G_underwoodi,AM
28.51,LRM40_G_underwoodi,AM
29.84,LRM40_G_underwoodi,AM
30.04,LRM40_G_underwoodi,AM
30.28,LRM40_G_underwoodi,AM
30.55,LRM40_G_underwoodi,AM
30.91,LRM40_G_underwoodi,AM
31.44,LRM40_G_underwoodi,AM
31.81,LRM40_G_underwoodi,AM
32.1,LRM40_G_underwoodi,AM
32.33,LRM40_G_underwoodi,AM
32.51,LRM40_G_underwoodi,AM
32.66,LRM40_G_underwoodi,AM
32.75,LRM40_G_underwoodi,AM
32.83,LRM40_G_underwoodi,AM
32.77,LRM40_G_underwoodi,AM
32.68,LRM40_G_underwoodi,AM
32.74,LRM40_G_underwoodi,AM
32.78,LRM40_G_underwoodi,AM
32.76,LRM40_G_underwoodi,AM
32.83,LRM40_G_underwoodi,AM
32.9,LRM40_G_underwoodi,AM
32.97,LRM40_G_underwoodi,AM
33.04,LRM40_G_underwoodi,AM
33.07,LRM40_G_underwoodi,AM
33.12,LRM40_G_underwoodi,AM
33.14,LRM40_G_underwoodi,AM
33.18,LRM40_G_underwoodi,AM
33.21,LRM40_G_underwoodi,AM
33.21,LRM40_G_underwoodi,AM
33.22,LRM40_G_underwoodi,AM
33.28,LRM40_G_underwoodi,AM
33.17,LRM40_G_underwoodi,AM
33.22,LRM40_G_underwoodi,AM
32.35,LRM40_G_underwoodi,AM
31.6,LRM40_G_underwoodi,AM
31.28,LRM40_G_underwoodi,AM
31.55,LRM40_G_underwoodi,AM
31.78,LRM40_G_underwoodi,AM
31.18,LRM40_G_underwoodi,AM
31,LRM40_G_underwoodi,AM
31.34,LRM40_G_underwoodi,AM
31.62,LRM40_G_underwoodi,AM
31.92,LRM40_G_underwoodi,AM
32.22,LRM40_G_underwoodi,AM
32.46,LRM40_G_underwoodi,AM
32.54,LRM40_G_underwoodi,AM
32.61,LRM40_G_underwoodi,AM
32.79,LRM40_G_underwoodi,AM
33.11,LRM40_G_underwoodi,AM
32.99,LRM40_G_underwoodi,AM
33.03,LRM40_G_underwoodi,AM
33.14,LRM40_G_underwoodi,AM
33.18,LRM40_G_underwoodi,AM
33.18,LRM40_G_underwoodi,AM
33.19,LRM40_G_underwoodi,AM
33.21,LRM40_G_underwoodi,AM
33.03,LRM40_G_underwoodi,AM
33.4,LRM40_G_underwoodi,AM
33.36,LRM40_G_underwoodi,AM
33.2,LRM40_G_underwoodi,AM
33.15,LRM40_G_underwoodi,AM
33.02,LRM40_G_underwoodi,AM
33.07,LRM40_G_underwoodi,AM
33.03,LRM40_G_underwoodi,AM
33.23,LRM40_G_underwoodi,AM
33.57,LRM40_G_underwoodi,AM
32.86,LRM40_G_underwoodi,AM
32.58,LRM40_G_underwoodi,AM
32.69,LRM40_G_underwoodi,AM
32.81,LRM40_G_underwoodi,AM
32.84,LRM40_G_underwoodi,AM
32.9,LRM40_G_underwoodi,AM
33.13,LRM40_G_underwoodi,AM
33.21,LRM40_G_underwoodi,AM
33.34,LRM40_G_underwoodi,AM
33.34,LRM40_G_underwoodi,AM
33.41,LRM40_G_underwoodi,AM
33.44,LRM40_G_underwoodi,AM
33.5,LRM40_G_underwoodi,AM
33.47,LRM40_G_underwoodi,AM
33.45,LRM40_G_underwoodi,AM
33.49,LRM40_G_underwoodi,AM
33.46,LRM40_G_underwoodi,AM
33.47,LRM40_G_underwoodi,AM
33.42,LRM40_G_underwoodi,AM
33.53,LRM40_G_underwoodi,AM
33.39,LRM40_G_underwoodi,AM
33.44,LRM40_G_underwoodi,AM
33.29,LRM40_G_underwoodi,AM
33.41,LRM40_G_underwoodi,AM
33.27,LRM40_G_underwoodi,AM
32.87,LRM40_G_underwoodi,AM
32.69,LRM40_G_underwoodi,AM
32.56,LRM40_G_underwoodi,AM
32.44,LRM40_G_underwoodi,AM
32.35,LRM40_G_underwoodi,AM
32.28,LRM40_G_underwoodi,AM
32.25,LRM40_G_underwoodi,AM
32.67,LRM40_G_underwoodi,AM
33.04,LRM40_G_underwoodi,AM
33.25,LRM40_G_underwoodi,AM
33.38,LRM40_G_underwoodi,AM
33.47,LRM40_G_underwoodi,AM
33.32,LRM40_G_underwoodi,AM
33.18,LRM40_G_underwoodi,AM
33.27,LRM40_G_underwoodi,AM
33.53,LRM40_G_underwoodi,AM
33.61,LRM40_G_underwoodi,AM
33.6,LRM40_G_underwoodi,AM
33.61,LRM40_G_underwoodi,AM
33.62,LRM40_G_underwoodi,AM
33.55,LRM40_G_underwoodi,AM
33.55,LRM40_G_underwoodi,AM
33.51,LRM40_G_underwoodi,AM
33.5,LRM40_G_underwoodi,AM
33.48,LRM40_G_underwoodi,AM
31.52,LRM41_G_underwoodi,AM
31.64,LRM41_G_underwoodi,AM
31.68,LRM41_G_underwoodi,AM
31.76,LRM41_G_underwoodi,AM
31.8,LRM41_G_underwoodi,AM
31.83,LRM41_G_underwoodi,AM
31.86,LRM41_G_underwoodi,AM
31.91,LRM41_G_underwoodi,AM
31.89,LRM41_G_underwoodi,AM
31.92,LRM41_G_underwoodi,AM
31.92,LRM41_G_underwoodi,AM
31.96,LRM41_G_underwoodi,AM
32.03,LRM41_G_underwoodi,AM
31.98,LRM41_G_underwoodi,AM
32.06,LRM41_G_underwoodi,AM
32.13,LRM41_G_underwoodi,AM
32.18,LRM41_G_underwoodi,AM
32.22,LRM41_G_underwoodi,AM
32.31,LRM41_G_underwoodi,AM
32.26,LRM41_G_underwoodi,AM
30.45,LRM41_G_underwoodi,AM
30.87,LRM41_G_underwoodi,AM
30.77,LRM41_G_underwoodi,AM
30.78,LRM41_G_underwoodi,AM
31,LRM41_G_underwoodi,AM
31.24,LRM41_G_underwoodi,AM
31.41,LRM41_G_underwoodi,AM
31.55,LRM41_G_underwoodi,AM
31.68,LRM41_G_underwoodi,AM
31.79,LRM41_G_underwoodi,AM
31.89,LRM41_G_underwoodi,AM
31.96,LRM41_G_underwoodi,AM
32,LRM41_G_underwoodi,AM
32.03,LRM41_G_underwoodi,AM
32.07,LRM41_G_underwoodi,AM
32.09,LRM41_G_underwoodi,AM
32.1,LRM41_G_underwoodi,AM
32.26,LRM41_G_underwoodi,AM
32.39,LRM41_G_underwoodi,AM
32.31,LRM41_G_underwoodi,AM
32.27,LRM41_G_underwoodi,AM
32.12,LRM41_G_underwoodi,AM
32.21,LRM41_G_underwoodi,AM
32.36,LRM41_G_underwoodi,AM
32.2,LRM41_G_underwoodi,AM
32.24,LRM41_G_underwoodi,AM
32.21,LRM41_G_underwoodi,AM
32.39,LRM41_G_underwoodi,AM
32.36,LRM41_G_underwoodi,AM
32.24,LRM41_G_underwoodi,AM
31.79,LRM41_G_underwoodi,AM
31.03,LRM41_G_underwoodi,AM
30.97,LRM41_G_underwoodi,AM
30.77,LRM41_G_underwoodi,AM
30.78,LRM41_G_underwoodi,AM
30.87,LRM41_G_underwoodi,AM
31.03,LRM41_G_underwoodi,AM
31.22,LRM41_G_underwoodi,AM
31.45,LRM41_G_underwoodi,AM
31.67,LRM41_G_underwoodi,AM
31.87,LRM41_G_underwoodi,AM
32.12,LRM41_G_underwoodi,AM
32.02,LRM41_G_underwoodi,AM
31.9,LRM41_G_underwoodi,AM
32.24,LRM41_G_underwoodi,AM
31.77,LRM41_G_underwoodi,AM
30.49,LRM41_G_underwoodi,AM
30.69,LRM41_G_underwoodi,AM
30.6,LRM41_G_underwoodi,AM
30.53,LRM41_G_underwoodi,AM
30.56,LRM41_G_underwoodi,AM
31.11,LRM41_G_underwoodi,AM
31.36,LRM41_G_underwoodi,AM
29.21,LRM41_G_underwoodi,AM
29.66,LRM41_G_underwoodi,AM
29.6,LRM41_G_underwoodi,AM
29.45,LRM41_G_underwoodi,AM
29.53,LRM41_G_underwoodi,AM
29.66,LRM41_G_underwoodi,AM
29.76,LRM41_G_underwoodi,AM
29.81,LRM41_G_underwoodi,AM
30.02,LRM41_G_underwoodi,AM
30.28,LRM41_G_underwoodi,AM
30.57,LRM41_G_underwoodi,AM
30.85,LRM41_G_underwoodi,AM
31.16,LRM41_G_underwoodi,AM
31.34,LRM41_G_underwoodi,AM
31.67,LRM41_G_underwoodi,AM
31.88,LRM41_G_underwoodi,AM
32.02,LRM41_G_underwoodi,AM
32.16,LRM41_G_underwoodi,AM
32.25,LRM41_G_underwoodi,AM
32.36,LRM41_G_underwoodi,AM
32.46,LRM41_G_underwoodi,AM
32.52,LRM41_G_underwoodi,AM
32.61,LRM41_G_underwoodi,AM
32.66,LRM41_G_underwoodi,AM
32.72,LRM41_G_underwoodi,AM
32.75,LRM41_G_underwoodi,AM
32.77,LRM41_G_underwoodi,AM
32.82,LRM41_G_underwoodi,AM
32.85,LRM41_G_underwoodi,AM
32.86,LRM41_G_underwoodi,AM
32.86,LRM41_G_underwoodi,AM
32.87,LRM41_G_underwoodi,AM
32.55,LRM41_G_underwoodi,AM
32.86,LRM41_G_underwoodi,AM
29.99,LRM41_G_underwoodi,AM
30.16,LRM41_G_underwoodi,AM
30.24,LRM41_G_underwoodi,AM
29.34,LRM41_G_underwoodi,AM
29.59,LRM41_G_underwoodi,AM
29.59,LRM41_G_underwoodi,AM
29.68,LRM41_G_underwoodi,AM
29.8,LRM41_G_underwoodi,AM
30.25,LRM41_G_underwoodi,AM
30.18,LRM41_G_underwoodi,AM
30.42,LRM41_G_underwoodi,AM
30.77,LRM41_G_underwoodi,AM
31.12,LRM41_G_underwoodi,AM
33.17,LRM42_G_underwoodi,AM
33.22,LRM42_G_underwoodi,AM
33.23,LRM42_G_underwoodi,AM
33.27,LRM42_G_underwoodi,AM
33.31,LRM42_G_underwoodi,AM
33.28,LRM42_G_underwoodi,AM
33.36,LRM42_G_underwoodi,AM
33.31,LRM42_G_underwoodi,AM
33.21,LRM42_G_underwoodi,AM
33.27,LRM42_G_underwoodi,AM
33.42,LRM42_G_underwoodi,AM
33.45,LRM42_G_underwoodi,AM
33.65,LRM42_G_underwoodi,AM
33.77,LRM42_G_underwoodi,AM
33.7,LRM42_G_underwoodi,AM
33.67,LRM42_G_underwoodi,AM
33.62,LRM42_G_underwoodi,AM
33.61,LRM42_G_underwoodi,AM
33.66,LRM42_G_underwoodi,AM
33.58,LRM42_G_underwoodi,AM
33.47,LRM42_G_underwoodi,AM
33.47,LRM42_G_underwoodi,AM
33.45,LRM42_G_underwoodi,AM
33.42,LRM42_G_underwoodi,AM
33.57,LRM42_G_underwoodi,AM
33.73,LRM42_G_underwoodi,AM
33.81,LRM42_G_underwoodi,AM
33.88,LRM42_G_underwoodi,AM
33.94,LRM42_G_underwoodi,AM
33.98,LRM42_G_underwoodi,AM
34.02,LRM42_G_underwoodi,AM
34.05,LRM42_G_underwoodi,AM
34.08,LRM42_G_underwoodi,AM
34.1,LRM42_G_underwoodi,AM
34.12,LRM42_G_underwoodi,AM
34.12,LRM42_G_underwoodi,AM
34.13,LRM42_G_underwoodi,AM
34.13,LRM42_G_underwoodi,AM
34.13,LRM42_G_underwoodi,AM
34.11,LRM42_G_underwoodi,AM
34.12,LRM42_G_underwoodi,AM
34.14,LRM42_G_underwoodi,AM
34.15,LRM42_G_underwoodi,AM
34.16,LRM42_G_underwoodi,AM
34.17,LRM42_G_underwoodi,AM
34.18,LRM42_G_underwoodi,AM
34.2,LRM42_G_underwoodi,AM
34.2,LRM42_G_underwoodi,AM
34.14,LRM42_G_underwoodi,AM
34.12,LRM42_G_underwoodi,AM
34.06,LRM42_G_underwoodi,AM
33.99,LRM42_G_underwoodi,AM
33.82,LRM42_G_underwoodi,AM
33.63,LRM42_G_underwoodi,AM
33.57,LRM42_G_underwoodi,AM
33.5,LRM42_G_underwoodi,AM
33.66,LRM42_G_underwoodi,AM
33.54,LRM42_G_underwoodi,AM
33.68,LRM42_G_underwoodi,AM
33.9,LRM42_G_underwoodi,AM
33.92,LRM42_G_underwoodi,AM
34,LRM42_G_underwoodi,AM
34.11,LRM42_G_underwoodi,AM
34.25,LRM42_G_underwoodi,AM
34.34,LRM42_G_underwoodi,AM
34.32,LRM42_G_underwoodi,AM
34.24,LRM42_G_underwoodi,AM
34.07,LRM42_G_underwoodi,AM
34.23,LRM42_G_underwoodi,AM
34.2,LRM42_G_underwoodi,AM
34.08,LRM42_G_underwoodi,AM
32.88,LRM42_G_underwoodi,AM
31.76,LRM42_G_underwoodi,AM
30.82,LRM42_G_underwoodi,AM
30.33,LRM42_G_underwoodi,AM
30.53,LRM42_G_underwoodi,AM
31.23,LRM42_G_underwoodi,AM
31.4,LRM42_G_underwoodi,AM
31.51,LRM42_G_underwoodi,AM
31.91,LRM42_G_underwoodi,AM
32.32,LRM42_G_underwoodi,AM
32.7,LRM42_G_underwoodi,AM
33.15,LRM42_G_underwoodi,AM
33.37,LRM42_G_underwoodi,AM
33.52,LRM42_G_underwoodi,AM
33.67,LRM42_G_underwoodi,AM
33.83,LRM42_G_underwoodi,AM
34.01,LRM42_G_underwoodi,AM
34.14,LRM42_G_underwoodi,AM
34.17,LRM42_G_underwoodi,AM
34.19,LRM42_G_underwoodi,AM
34.18,LRM42_G_underwoodi,AM
34.2,LRM42_G_underwoodi,AM
34.21,LRM42_G_underwoodi,AM
34.21,LRM42_G_underwoodi,AM
34.19,LRM42_G_underwoodi,AM
34.32,LRM42_G_underwoodi,AM
34.33,LRM42_G_underwoodi,AM
34.18,LRM42_G_underwoodi,AM
34.18,LRM42_G_underwoodi,AM
34.31,LRM42_G_underwoodi,AM
34.4,LRM42_G_underwoodi,AM
34.49,LRM42_G_underwoodi,AM
34.49,LRM42_G_underwoodi,AM
34.49,LRM42_G_underwoodi,AM
34.44,LRM42_G_underwoodi,AM
34.48,LRM42_G_underwoodi,AM
34.58,LRM42_G_underwoodi,AM
34.63,LRM42_G_underwoodi,AM
34.54,LRM42_G_underwoodi,AM
34.51,LRM42_G_underwoodi,AM
34.58,LRM42_G_underwoodi,AM
34.65,LRM42_G_underwoodi,AM
34.71,LRM42_G_underwoodi,AM
34.65,LRM42_G_underwoodi,AM
34.59,LRM42_G_underwoodi,AM
34.48,LRM42_G_underwoodi,AM
34.51,LRM42_G_underwoodi,AM
34.44,LRM42_G_underwoodi,AM
34.32,LRM42_G_underwoodi,AM
32.39,LRM43_G_underwoodi,AM
32.35,LRM43_G_underwoodi,AM
32.36,LRM43_G_underwoodi,AM
32.37,LRM43_G_underwoodi,AM
32.37,LRM43_G_underwoodi,AM
32.38,LRM43_G_underwoodi,AM
32.4,LRM43_G_underwoodi,AM
32.4,LRM43_G_underwoodi,AM
32.36,LRM43_G_underwoodi,AM
32.36,LRM43_G_underwoodi,AM
32.36,LRM43_G_underwoodi,AM
32.34,LRM43_G_underwoodi,AM
32.33,LRM43_G_underwoodi,AM
32.33,LRM43_G_underwoodi,AM
32.31,LRM43_G_underwoodi,AM
32.36,LRM43_G_underwoodi,AM
32.53,LRM43_G_underwoodi,AM
32.66,LRM43_G_underwoodi,AM
32.78,LRM43_G_underwoodi,AM
32.78,LRM43_G_underwoodi,AM
32.72,LRM43_G_underwoodi,AM
32.71,LRM43_G_underwoodi,AM
32.8,LRM43_G_underwoodi,AM
32.01,LRM43_G_underwoodi,AM
32.03,LRM43_G_underwoodi,AM
32.02,LRM43_G_underwoodi,AM
32.01,LRM43_G_underwoodi,AM
27.14,LRM43_G_underwoodi,AM
28.57,LRM43_G_underwoodi,AM
29.29,LRM43_G_underwoodi,AM
29.77,LRM43_G_underwoodi,AM
30.25,LRM43_G_underwoodi,AM
30.71,LRM43_G_underwoodi,AM
31.15,LRM43_G_underwoodi,AM
31.54,LRM43_G_underwoodi,AM
31.82,LRM43_G_underwoodi,AM
32.07,LRM43_G_underwoodi,AM
32.13,LRM43_G_underwoodi,AM
32.23,LRM43_G_underwoodi,AM
32.28,LRM43_G_underwoodi,AM
32.32,LRM43_G_underwoodi,AM
32.38,LRM43_G_underwoodi,AM
32.42,LRM43_G_underwoodi,AM
32.45,LRM43_G_underwoodi,AM
32.63,LRM43_G_underwoodi,AM
33.04,LRM43_G_underwoodi,AM
33.31,LRM43_G_underwoodi,AM
33.4,LRM43_G_underwoodi,AM
33.46,LRM43_G_underwoodi,AM
33.5,LRM43_G_underwoodi,AM
33.53,LRM43_G_underwoodi,AM
33.56,LRM43_G_underwoodi,AM
33.6,LRM43_G_underwoodi,AM
33.79,LRM43_G_underwoodi,AM
33.79,LRM43_G_underwoodi,AM
33.91,LRM43_G_underwoodi,AM
34,LRM43_G_underwoodi,AM
33.95,LRM43_G_underwoodi,AM
33.82,LRM43_G_underwoodi,AM
33.7,LRM43_G_underwoodi,AM
33.6,LRM43_G_underwoodi,AM
33.53,LRM43_G_underwoodi,AM
33.5,LRM43_G_underwoodi,AM
33.46,LRM43_G_underwoodi,AM
33.46,LRM43_G_underwoodi,AM
33.62,LRM43_G_underwoodi,AM
33.69,LRM43_G_underwoodi,AM
33.77,LRM43_G_underwoodi,AM
33.92,LRM43_G_underwoodi,AM
33.74,LRM43_G_underwoodi,AM
33.87,LRM43_G_underwoodi,AM
33.87,LRM43_G_underwoodi,AM
33.95,LRM43_G_underwoodi,AM
34.01,LRM43_G_underwoodi,AM
34.06,LRM43_G_underwoodi,AM
34.11,LRM43_G_underwoodi,AM
34.13,LRM43_G_underwoodi,AM
34.14,LRM43_G_underwoodi,AM
34.16,LRM43_G_underwoodi,AM
34.15,LRM43_G_underwoodi,AM
34.13,LRM43_G_underwoodi,AM
34.12,LRM43_G_underwoodi,AM
34.13,LRM43_G_underwoodi,AM
34.14,LRM43_G_underwoodi,AM
34.15,LRM43_G_underwoodi,AM
34.15,LRM43_G_underwoodi,AM
34.16,LRM43_G_underwoodi,AM
34.17,LRM43_G_underwoodi,AM
34.17,LRM43_G_underwoodi,AM
34.11,LRM43_G_underwoodi,AM
34.16,LRM43_G_underwoodi,AM
34.2,LRM43_G_underwoodi,AM
34.23,LRM43_G_underwoodi,AM
34.23,LRM43_G_underwoodi,AM
34.27,LRM43_G_underwoodi,AM
34.3,LRM43_G_underwoodi,AM
34.32,LRM43_G_underwoodi,AM
34.34,LRM43_G_underwoodi,AM
34.36,LRM43_G_underwoodi,AM
34.36,LRM43_G_underwoodi,AM
34.39,LRM43_G_underwoodi,AM
34.4,LRM43_G_underwoodi,AM
34.4,LRM43_G_underwoodi,AM
34.44,LRM43_G_underwoodi,AM
34.47,LRM43_G_underwoodi,AM
33.68,LRM43_G_underwoodi,AM
33,LRM43_G_underwoodi,AM
33.26,LRM43_G_underwoodi,AM
33.31,LRM43_G_underwoodi,AM
33.6,LRM43_G_underwoodi,AM
33.85,LRM43_G_underwoodi,AM
33.99,LRM43_G_underwoodi,AM
34.12,LRM43_G_underwoodi,AM
34.2,LRM43_G_underwoodi,AM
34.24,LRM43_G_underwoodi,AM
34.16,LRM43_G_underwoodi,AM
34.27,LRM43_G_underwoodi,AM
34.38,LRM43_G_underwoodi,AM
34.48,LRM43_G_underwoodi,AM
34.54,LRM43_G_underwoodi,AM
32.74,LRM44_G_underwoodi,AM
32.73,LRM44_G_underwoodi,AM
32.74,LRM44_G_underwoodi,AM
32.77,LRM44_G_underwoodi,AM
32.78,LRM44_G_underwoodi,AM
32.8,LRM44_G_underwoodi,AM
32.81,LRM44_G_underwoodi,AM
32.82,LRM44_G_underwoodi,AM
32.83,LRM44_G_underwoodi,AM
32.85,LRM44_G_underwoodi,AM
32.86,LRM44_G_underwoodi,AM
32.86,LRM44_G_underwoodi,AM
32.87,LRM44_G_underwoodi,AM
32.88,LRM44_G_underwoodi,AM
32.86,LRM44_G_underwoodi,AM
32.87,LRM44_G_underwoodi,AM
32.87,LRM44_G_underwoodi,AM
32.83,LRM44_G_underwoodi,AM
32.7,LRM44_G_underwoodi,AM
32.69,LRM44_G_underwoodi,AM
32.68,LRM44_G_underwoodi,AM
32.68,LRM44_G_underwoodi,AM
32.67,LRM44_G_underwoodi,AM
32.66,LRM44_G_underwoodi,AM
32.68,LRM44_G_underwoodi,AM
32.84,LRM44_G_underwoodi,AM
32.91,LRM44_G_underwoodi,AM
32.96,LRM44_G_underwoodi,AM
33.05,LRM44_G_underwoodi,AM
33.12,LRM44_G_underwoodi,AM
33.16,LRM44_G_underwoodi,AM
33.2,LRM44_G_underwoodi,AM
33.23,LRM44_G_underwoodi,AM
33.25,LRM44_G_underwoodi,AM
33.28,LRM44_G_underwoodi,AM
33.29,LRM44_G_underwoodi,AM
33.3,LRM44_G_underwoodi,AM
33.32,LRM44_G_underwoodi,AM
33.33,LRM44_G_underwoodi,AM
33.32,LRM44_G_underwoodi,AM
33.3,LRM44_G_underwoodi,AM
33.3,LRM44_G_underwoodi,AM
33.31,LRM44_G_underwoodi,AM
33.31,LRM44_G_underwoodi,AM
33.31,LRM44_G_underwoodi,AM
33.33,LRM44_G_underwoodi,AM
33.34,LRM44_G_underwoodi,AM
33.35,LRM44_G_underwoodi,AM
33.35,LRM44_G_underwoodi,AM
33.37,LRM44_G_underwoodi,AM
33.36,LRM44_G_underwoodi,AM
33.36,LRM44_G_underwoodi,AM
33.37,LRM44_G_underwoodi,AM
33.39,LRM44_G_underwoodi,AM
33.4,LRM44_G_underwoodi,AM
33.38,LRM44_G_underwoodi,AM
33.39,LRM44_G_underwoodi,AM
33.41,LRM44_G_underwoodi,AM
33.43,LRM44_G_underwoodi,AM
33.43,LRM44_G_underwoodi,AM
33.45,LRM44_G_underwoodi,AM
33.47,LRM44_G_underwoodi,AM
33.48,LRM44_G_underwoodi,AM
33.49,LRM44_G_underwoodi,AM
33.49,LRM44_G_underwoodi,AM
33.5,LRM44_G_underwoodi,AM
33.5,LRM44_G_underwoodi,AM
33.51,LRM44_G_underwoodi,AM
33.53,LRM44_G_underwoodi,AM
33.53,LRM44_G_underwoodi,AM
33.54,LRM44_G_underwoodi,AM
33.55,LRM44_G_underwoodi,AM
33.56,LRM44_G_underwoodi,AM
33.57,LRM44_G_underwoodi,AM
33.6,LRM44_G_underwoodi,AM
33.62,LRM44_G_underwoodi,AM
33.63,LRM44_G_underwoodi,AM
33.65,LRM44_G_underwoodi,AM
33.63,LRM44_G_underwoodi,AM
33.62,LRM44_G_underwoodi,AM
33.64,LRM44_G_underwoodi,AM
33.65,LRM44_G_underwoodi,AM
33.66,LRM44_G_underwoodi,AM
33.66,LRM44_G_underwoodi,AM
33.67,LRM44_G_underwoodi,AM
33.64,LRM44_G_underwoodi,AM
33.63,LRM44_G_underwoodi,AM
33.6,LRM44_G_underwoodi,AM
33.6,LRM44_G_underwoodi,AM
33.58,LRM44_G_underwoodi,AM
33.58,LRM44_G_underwoodi,AM
33.56,LRM44_G_underwoodi,AM
33.54,LRM44_G_underwoodi,AM
33.55,LRM44_G_underwoodi,AM
33.56,LRM44_G_underwoodi,AM
33.58,LRM44_G_underwoodi,AM
33.6,LRM44_G_underwoodi,AM
33.62,LRM44_G_underwoodi,AM
33.65,LRM44_G_underwoodi,AM
33.67,LRM44_G_underwoodi,AM
33.69,LRM44_G_underwoodi,AM
33.69,LRM44_G_underwoodi,AM
33.69,LRM44_G_underwoodi,AM
33.69,LRM44_G_underwoodi,AM
33.69,LRM44_G_underwoodi,AM
33.68,LRM44_G_underwoodi,AM
33.67,LRM44_G_underwoodi,AM
33.69,LRM44_G_underwoodi,AM
33.72,LRM44_G_underwoodi,AM
33.75,LRM44_G_underwoodi,AM
33.76,LRM44_G_underwoodi,AM
33.78,LRM44_G_underwoodi,AM
33.8,LRM44_G_underwoodi,AM
33.81,LRM44_G_underwoodi,AM
33.82,LRM44_G_underwoodi,AM
33.82,LRM44_G_underwoodi,AM
33.84,LRM44_G_underwoodi,AM
33.87,LRM44_G_underwoodi,AM
33.93,LRM44_G_underwoodi,AM
33.98,LRM44_G_underwoodi,AM
31.82,LRM45_G_underwoodi,AM
31.86,LRM45_G_underwoodi,AM
31.97,LRM45_G_underwoodi,AM
31.91,LRM45_G_underwoodi,AM
32.08,LRM45_G_underwoodi,AM
32.4,LRM45_G_underwoodi,AM
32.48,LRM45_G_underwoodi,AM
32.53,LRM45_G_underwoodi,AM
32.53,LRM45_G_underwoodi,AM
32.56,LRM45_G_underwoodi,AM
32.59,LRM45_G_underwoodi,AM
32.62,LRM45_G_underwoodi,AM
32.66,LRM45_G_underwoodi,AM
32.69,LRM45_G_underwoodi,AM
32.7,LRM45_G_underwoodi,AM
32.9,LRM45_G_underwoodi,AM
33.03,LRM45_G_underwoodi,AM
33.17,LRM45_G_underwoodi,AM
33.25,LRM45_G_underwoodi,AM
33.36,LRM45_G_underwoodi,AM
33.41,LRM45_G_underwoodi,AM
33.48,LRM45_G_underwoodi,AM
33.57,LRM45_G_underwoodi,AM
33.6,LRM45_G_underwoodi,AM
33.66,LRM45_G_underwoodi,AM
31.71,LRM45_G_underwoodi,AM
32.48,LRM45_G_underwoodi,AM
32.25,LRM45_G_underwoodi,AM
32.12,LRM45_G_underwoodi,AM
32.09,LRM45_G_underwoodi,AM
32.11,LRM45_G_underwoodi,AM
32.14,LRM45_G_underwoodi,AM
32.31,LRM45_G_underwoodi,AM
32.44,LRM45_G_underwoodi,AM
32.77,LRM45_G_underwoodi,AM
32.61,LRM45_G_underwoodi,AM
32.69,LRM45_G_underwoodi,AM
32.79,LRM45_G_underwoodi,AM
32.89,LRM45_G_underwoodi,AM
32.95,LRM45_G_underwoodi,AM
33.04,LRM45_G_underwoodi,AM
33.14,LRM45_G_underwoodi,AM
33.24,LRM45_G_underwoodi,AM
33.25,LRM45_G_underwoodi,AM
33.26,LRM45_G_underwoodi,AM
33.36,LRM45_G_underwoodi,AM
33.33,LRM45_G_underwoodi,AM
33.38,LRM45_G_underwoodi,AM
33.33,LRM45_G_underwoodi,AM
33.29,LRM45_G_underwoodi,AM
33.37,LRM45_G_underwoodi,AM
33.49,LRM45_G_underwoodi,AM
33.61,LRM45_G_underwoodi,AM
33.63,LRM45_G_underwoodi,AM
33.77,LRM45_G_underwoodi,AM
33.73,LRM45_G_underwoodi,AM
33.71,LRM45_G_underwoodi,AM
33.72,LRM45_G_underwoodi,AM
33.77,LRM45_G_underwoodi,AM
33.75,LRM45_G_underwoodi,AM
33.71,LRM45_G_underwoodi,AM
33.71,LRM45_G_underwoodi,AM
33.73,LRM45_G_underwoodi,AM
33.74,LRM45_G_underwoodi,AM
33.75,LRM45_G_underwoodi,AM
33.75,LRM45_G_underwoodi,AM
33.72,LRM45_G_underwoodi,AM
33.69,LRM45_G_underwoodi,AM
33.84,LRM45_G_underwoodi,AM
33.84,LRM45_G_underwoodi,AM
33.86,LRM45_G_underwoodi,AM
33.85,LRM45_G_underwoodi,AM
33.87,LRM45_G_underwoodi,AM
33.9,LRM45_G_underwoodi,AM
33.91,LRM45_G_underwoodi,AM
33.89,LRM45_G_underwoodi,AM
33.92,LRM45_G_underwoodi,AM
33.96,LRM45_G_underwoodi,AM
33.97,LRM45_G_underwoodi,AM
33.92,LRM45_G_underwoodi,AM
33.95,LRM45_G_underwoodi,AM
33.99,LRM45_G_underwoodi,AM
33.97,LRM45_G_underwoodi,AM
33.96,LRM45_G_underwoodi,AM
34,LRM45_G_underwoodi,AM
34,LRM45_G_underwoodi,AM
33.98,LRM45_G_underwoodi,AM
33.98,LRM45_G_underwoodi,AM
34,LRM45_G_underwoodi,AM
33.97,LRM45_G_underwoodi,AM
33.99,LRM45_G_underwoodi,AM
33.97,LRM45_G_underwoodi,AM
33.96,LRM45_G_underwoodi,AM
34.01,LRM45_G_underwoodi,AM
34.03,LRM45_G_underwoodi,AM
34.04,LRM45_G_underwoodi,AM
34.06,LRM45_G_underwoodi,AM
34.05,LRM45_G_underwoodi,AM
34.11,LRM45_G_underwoodi,AM
34.13,LRM45_G_underwoodi,AM
34.13,LRM45_G_underwoodi,AM
32.65,LRM45_G_underwoodi,AM
32.1,LRM45_G_underwoodi,AM
31.84,LRM45_G_underwoodi,AM
31.52,LRM45_G_underwoodi,AM
31.35,LRM45_G_underwoodi,AM
31.22,LRM45_G_underwoodi,AM
31.06,LRM45_G_underwoodi,AM
31.31,LRM45_G_underwoodi,AM
32.33,LRM45_G_underwoodi,AM
32.68,LRM45_G_underwoodi,AM
32.99,LRM45_G_underwoodi,AM
33.27,LRM45_G_underwoodi,AM
33.43,LRM45_G_underwoodi,AM
33.49,LRM45_G_underwoodi,AM
33.57,LRM45_G_underwoodi,AM
33.67,LRM45_G_underwoodi,AM
33.77,LRM45_G_underwoodi,AM
33.84,LRM45_G_underwoodi,AM
33.94,LRM45_G_underwoodi,AM
31.89,LRM46_G_underwoodi,AM
32.02,LRM46_G_underwoodi,AM
32.17,LRM46_G_underwoodi,AM
32.44,LRM46_G_underwoodi,AM
32.61,LRM46_G_underwoodi,AM
32.73,LRM46_G_underwoodi,AM
32.38,LRM46_G_underwoodi,AM
32.63,LRM46_G_underwoodi,AM
32.72,LRM46_G_underwoodi,AM
32.82,LRM46_G_underwoodi,AM
32.9,LRM46_G_underwoodi,AM
32.98,LRM46_G_underwoodi,AM
33.06,LRM46_G_underwoodi,AM
33.12,LRM46_G_underwoodi,AM
33.15,LRM46_G_underwoodi,AM
33.19,LRM46_G_underwoodi,AM
33.2,LRM46_G_underwoodi,AM
33.24,LRM46_G_underwoodi,AM
32.58,LRM46_G_underwoodi,AM
31.65,LRM46_G_underwoodi,AM
31.87,LRM46_G_underwoodi,AM
31.96,LRM46_G_underwoodi,AM
32.07,LRM46_G_underwoodi,AM
32.29,LRM46_G_underwoodi,AM
32.55,LRM46_G_underwoodi,AM
32.77,LRM46_G_underwoodi,AM
32.77,LRM46_G_underwoodi,AM
32.78,LRM46_G_underwoodi,AM
32.78,LRM46_G_underwoodi,AM
32.78,LRM46_G_underwoodi,AM
32.79,LRM46_G_underwoodi,AM
32.83,LRM46_G_underwoodi,AM
32.83,LRM46_G_underwoodi,AM
32.83,LRM46_G_underwoodi,AM
32.91,LRM46_G_underwoodi,AM
33.02,LRM46_G_underwoodi,AM
33.12,LRM46_G_underwoodi,AM
33.21,LRM46_G_underwoodi,AM
33.29,LRM46_G_underwoodi,AM
33.1,LRM46_G_underwoodi,AM
33.18,LRM46_G_underwoodi,AM
33.17,LRM46_G_underwoodi,AM
33.09,LRM46_G_underwoodi,AM
33.07,LRM46_G_underwoodi,AM
33.11,LRM46_G_underwoodi,AM
33.17,LRM46_G_underwoodi,AM
33.22,LRM46_G_underwoodi,AM
33.24,LRM46_G_underwoodi,AM
33.24,LRM46_G_underwoodi,AM
33.24,LRM46_G_underwoodi,AM
33.25,LRM46_G_underwoodi,AM
33.26,LRM46_G_underwoodi,AM
33.3,LRM46_G_underwoodi,AM
33.32,LRM46_G_underwoodi,AM
33.34,LRM46_G_underwoodi,AM
33.32,LRM46_G_underwoodi,AM
33.32,LRM46_G_underwoodi,AM
33.33,LRM46_G_underwoodi,AM
33.35,LRM46_G_underwoodi,AM
33.36,LRM46_G_underwoodi,AM
33.36,LRM46_G_underwoodi,AM
33.39,LRM46_G_underwoodi,AM
33.42,LRM46_G_underwoodi,AM
33.43,LRM46_G_underwoodi,AM
33.46,LRM46_G_underwoodi,AM
33.47,LRM46_G_underwoodi,AM
33.46,LRM46_G_underwoodi,AM
33.48,LRM46_G_underwoodi,AM
33.49,LRM46_G_underwoodi,AM
33.51,LRM46_G_underwoodi,AM
33.5,LRM46_G_underwoodi,AM
33.51,LRM46_G_underwoodi,AM
33.51,LRM46_G_underwoodi,AM
33.52,LRM46_G_underwoodi,AM
33.54,LRM46_G_underwoodi,AM
33.54,LRM46_G_underwoodi,AM
33.55,LRM46_G_underwoodi,AM
33.57,LRM46_G_underwoodi,AM
33.59,LRM46_G_underwoodi,AM
33.59,LRM46_G_underwoodi,AM
33.6,LRM46_G_underwoodi,AM
33.6,LRM46_G_underwoodi,AM
33.6,LRM46_G_underwoodi,AM
33.61,LRM46_G_underwoodi,AM
33.63,LRM46_G_underwoodi,AM
33.63,LRM46_G_underwoodi,AM
33.65,LRM46_G_underwoodi,AM
33.73,LRM46_G_underwoodi,AM
33.77,LRM46_G_underwoodi,AM
33.72,LRM46_G_underwoodi,AM
33.62,LRM46_G_underwoodi,AM
33.54,LRM46_G_underwoodi,AM
33.46,LRM46_G_underwoodi,AM
33.4,LRM46_G_underwoodi,AM
33.36,LRM46_G_underwoodi,AM
33.33,LRM46_G_underwoodi,AM
33.3,LRM46_G_underwoodi,AM
33.27,LRM46_G_underwoodi,AM
33.27,LRM46_G_underwoodi,AM
33.27,LRM46_G_underwoodi,AM
33.28,LRM46_G_underwoodi,AM
33.28,LRM46_G_underwoodi,AM
33.29,LRM46_G_underwoodi,AM
33.27,LRM46_G_underwoodi,AM
33.26,LRM46_G_underwoodi,AM
33.26,LRM46_G_underwoodi,AM
32.72,LRM46_G_underwoodi,AM
32.44,LRM46_G_underwoodi,AM
32.47,LRM46_G_underwoodi,AM
32.55,LRM46_G_underwoodi,AM
32.65,LRM46_G_underwoodi,AM
32.77,LRM46_G_underwoodi,AM
32.92,LRM46_G_underwoodi,AM
33.03,LRM46_G_underwoodi,AM
33.13,LRM46_G_underwoodi,AM
33.2,LRM46_G_underwoodi,AM
33.27,LRM46_G_underwoodi,AM
33.32,LRM46_G_underwoodi,AM
33.37,LRM46_G_underwoodi,AM
33.4,LRM46_G_underwoodi,AM
30.67,LRM47_G_underwoodi,AM
30.68,LRM47_G_underwoodi,AM
30.74,LRM47_G_underwoodi,AM
30.81,LRM47_G_underwoodi,AM
30.87,LRM47_G_underwoodi,AM
30.92,LRM47_G_underwoodi,AM
30.95,LRM47_G_underwoodi,AM
30.99,LRM47_G_underwoodi,AM
31.24,LRM47_G_underwoodi,AM
31.91,LRM47_G_underwoodi,AM
32.38,LRM47_G_underwoodi,AM
32.84,LRM47_G_underwoodi,AM
33.08,LRM47_G_underwoodi,AM
33.26,LRM47_G_underwoodi,AM
33.4,LRM47_G_underwoodi,AM
33.51,LRM47_G_underwoodi,AM
33.57,LRM47_G_underwoodi,AM
33.72,LRM47_G_underwoodi,AM
33.8,LRM47_G_underwoodi,AM
33.77,LRM47_G_underwoodi,AM
33.67,LRM47_G_underwoodi,AM
33.3,LRM47_G_underwoodi,AM
33.08,LRM47_G_underwoodi,AM
33.28,LRM47_G_underwoodi,AM
33.65,LRM47_G_underwoodi,AM
33.81,LRM47_G_underwoodi,AM
33.91,LRM47_G_underwoodi,AM
33.99,LRM47_G_underwoodi,AM
34.03,LRM47_G_underwoodi,AM
34.11,LRM47_G_underwoodi,AM
34.09,LRM47_G_underwoodi,AM
34.13,LRM47_G_underwoodi,AM
34.12,LRM47_G_underwoodi,AM
34.13,LRM47_G_underwoodi,AM
34.15,LRM47_G_underwoodi,AM
34.2,LRM47_G_underwoodi,AM
34.27,LRM47_G_underwoodi,AM
34.48,LRM47_G_underwoodi,AM
34.53,LRM47_G_underwoodi,AM
34.5,LRM47_G_underwoodi,AM
34.49,LRM47_G_underwoodi,AM
34.45,LRM47_G_underwoodi,AM
34.43,LRM47_G_underwoodi,AM
34.24,LRM47_G_underwoodi,AM
34.04,LRM47_G_underwoodi,AM
34.16,LRM47_G_underwoodi,AM
34.21,LRM47_G_underwoodi,AM
33.35,LRM47_G_underwoodi,AM
33.42,LRM47_G_underwoodi,AM
33.71,LRM47_G_underwoodi,AM
33.74,LRM47_G_underwoodi,AM
33.97,LRM47_G_underwoodi,AM
33.62,LRM47_G_underwoodi,AM
33.23,LRM47_G_underwoodi,AM
33.52,LRM47_G_underwoodi,AM
33.92,LRM47_G_underwoodi,AM
34.22,LRM47_G_underwoodi,AM
34.43,LRM47_G_underwoodi,AM
34.57,LRM47_G_underwoodi,AM
34.75,LRM47_G_underwoodi,AM
34.67,LRM47_G_underwoodi,AM
32.35,LRM47_G_underwoodi,AM
31.72,LRM47_G_underwoodi,AM
31.9,LRM47_G_underwoodi,AM
32.49,LRM47_G_underwoodi,AM
33,LRM47_G_underwoodi,AM
33.44,LRM47_G_underwoodi,AM
33.79,LRM47_G_underwoodi,AM
33.97,LRM47_G_underwoodi,AM
34.16,LRM47_G_underwoodi,AM
34.3,LRM47_G_underwoodi,AM
34.37,LRM47_G_underwoodi,AM
34.54,LRM47_G_underwoodi,AM
34.68,LRM47_G_underwoodi,AM
34.8,LRM47_G_underwoodi,AM
34.69,LRM47_G_underwoodi,AM
34.05,LRM47_G_underwoodi,AM
33.88,LRM47_G_underwoodi,AM
33.91,LRM47_G_underwoodi,AM
33.87,LRM47_G_underwoodi,AM
34.18,LRM47_G_underwoodi,AM
34.54,LRM47_G_underwoodi,AM
34.72,LRM47_G_underwoodi,AM
34.5,LRM47_G_underwoodi,AM
34.48,LRM47_G_underwoodi,AM
34.35,LRM47_G_underwoodi,AM
34.14,LRM47_G_underwoodi,AM
33.95,LRM47_G_underwoodi,AM
33.86,LRM47_G_underwoodi,AM
33.81,LRM47_G_underwoodi,AM
33.8,LRM47_G_underwoodi,AM
33.76,LRM47_G_underwoodi,AM
33.71,LRM47_G_underwoodi,AM
33.69,LRM47_G_underwoodi,AM
33.68,LRM47_G_underwoodi,AM
33.69,LRM47_G_underwoodi,AM
33.87,LRM47_G_underwoodi,AM
34.09,LRM47_G_underwoodi,AM
34.19,LRM47_G_underwoodi,AM
34.27,LRM47_G_underwoodi,AM
34.46,LRM47_G_underwoodi,AM
34.5,LRM47_G_underwoodi,AM
34.46,LRM47_G_underwoodi,AM
34.58,LRM47_G_underwoodi,AM
34.73,LRM47_G_underwoodi,AM
33.29,LRM47_G_underwoodi,AM
32.18,LRM47_G_underwoodi,AM
32,LRM47_G_underwoodi,AM
31.91,LRM47_G_underwoodi,AM
31.9,LRM47_G_underwoodi,AM
32.04,LRM47_G_underwoodi,AM
32.56,LRM47_G_underwoodi,AM
32.93,LRM47_G_underwoodi,AM
33.26,LRM47_G_underwoodi,AM
33.8,LRM47_G_underwoodi,AM
34.2,LRM47_G_underwoodi,AM
34.26,LRM47_G_underwoodi,AM
34.44,LRM47_G_underwoodi,AM
34.7,LRM47_G_underwoodi,AM
34.98,LRM47_G_underwoodi,AM
34.66,LRM48_G_underwoodi,AM
34.79,LRM48_G_underwoodi,AM
34.9,LRM48_G_underwoodi,AM
35,LRM48_G_underwoodi,AM
35.07,LRM48_G_underwoodi,AM
35.18,LRM48_G_underwoodi,AM
35.26,LRM48_G_underwoodi,AM
35.3,LRM48_G_underwoodi,AM
35.34,LRM48_G_underwoodi,AM
35.4,LRM48_G_underwoodi,AM
35.43,LRM48_G_underwoodi,AM
35.45,LRM48_G_underwoodi,AM
35.46,LRM48_G_underwoodi,AM
35.47,LRM48_G_underwoodi,AM
35.49,LRM48_G_underwoodi,AM
35.43,LRM48_G_underwoodi,AM
35.39,LRM48_G_underwoodi,AM
35.3,LRM48_G_underwoodi,AM
35.48,LRM48_G_underwoodi,AM
32.3,LRM48_G_underwoodi,AM
31.94,LRM48_G_underwoodi,AM
32.01,LRM48_G_underwoodi,AM
32.43,LRM48_G_underwoodi,AM
32.43,LRM48_G_underwoodi,AM
32.56,LRM48_G_underwoodi,AM
32.75,LRM48_G_underwoodi,AM
32.94,LRM48_G_underwoodi,AM
33,LRM48_G_underwoodi,AM
32.72,LRM48_G_underwoodi,AM
32.93,LRM48_G_underwoodi,AM
33.1,LRM48_G_underwoodi,AM
33.25,LRM48_G_underwoodi,AM
33.39,LRM48_G_underwoodi,AM
33.46,LRM48_G_underwoodi,AM
33.53,LRM48_G_underwoodi,AM
33.6,LRM48_G_underwoodi,AM
33.65,LRM48_G_underwoodi,AM
33.71,LRM48_G_underwoodi,AM
33.87,LRM48_G_underwoodi,AM
33.92,LRM48_G_underwoodi,AM
34,LRM48_G_underwoodi,AM
34.56,LRM48_G_underwoodi,AM
34.79,LRM48_G_underwoodi,AM
35.06,LRM48_G_underwoodi,AM
34.87,LRM48_G_underwoodi,AM
34.9,LRM48_G_underwoodi,AM
34.76,LRM48_G_underwoodi,AM
35.22,LRM48_G_underwoodi,AM
35.34,LRM48_G_underwoodi,AM
35.28,LRM48_G_underwoodi,AM
35.35,LRM48_G_underwoodi,AM
35.31,LRM48_G_underwoodi,AM
35.06,LRM48_G_underwoodi,AM
34.75,LRM48_G_underwoodi,AM
34.74,LRM48_G_underwoodi,AM
35.26,LRM48_G_underwoodi,AM
34.97,LRM48_G_underwoodi,AM
34.78,LRM48_G_underwoodi,AM
34.66,LRM48_G_underwoodi,AM
34.53,LRM48_G_underwoodi,AM
34.47,LRM48_G_underwoodi,AM
34.97,LRM48_G_underwoodi,AM
35.06,LRM48_G_underwoodi,AM
35.09,LRM48_G_underwoodi,AM
35.11,LRM48_G_underwoodi,AM
33.21,LRM48_G_underwoodi,AM
33.49,LRM48_G_underwoodi,AM
33.24,LRM48_G_underwoodi,AM
33.14,LRM48_G_underwoodi,AM
32.91,LRM48_G_underwoodi,AM
33.08,LRM48_G_underwoodi,AM
33.12,LRM48_G_underwoodi,AM
32.95,LRM48_G_underwoodi,AM
32.7,LRM48_G_underwoodi,AM
32.77,LRM48_G_underwoodi,AM
32.94,LRM48_G_underwoodi,AM
33.09,LRM48_G_underwoodi,AM
33.68,LRM48_G_underwoodi,AM
34.01,LRM48_G_underwoodi,AM
34.3,LRM48_G_underwoodi,AM
34.52,LRM48_G_underwoodi,AM
34.67,LRM48_G_underwoodi,AM
34.92,LRM48_G_underwoodi,AM
35.12,LRM48_G_underwoodi,AM
35.29,LRM48_G_underwoodi,AM
35.34,LRM48_G_underwoodi,AM
35.58,LRM48_G_underwoodi,AM
35.7,LRM48_G_underwoodi,AM
35.23,LRM48_G_underwoodi,AM
34.87,LRM48_G_underwoodi,AM
34.98,LRM48_G_underwoodi,AM
34.9,LRM48_G_underwoodi,AM
34.77,LRM48_G_underwoodi,AM
34.9,LRM48_G_underwoodi,AM
35.25,LRM48_G_underwoodi,AM
35.53,LRM48_G_underwoodi,AM
35.61,LRM48_G_underwoodi,AM
35.77,LRM48_G_underwoodi,AM
35.96,LRM48_G_underwoodi,AM
36.11,LRM48_G_underwoodi,AM
36.2,LRM48_G_underwoodi,AM
36.34,LRM48_G_underwoodi,AM
36.43,LRM48_G_underwoodi,AM
36.52,LRM48_G_underwoodi,AM
36.58,LRM48_G_underwoodi,AM
35.79,LRM48_G_underwoodi,AM
34.82,LRM48_G_underwoodi,AM
34.53,LRM48_G_underwoodi,AM
34.41,LRM48_G_underwoodi,AM
34.36,LRM48_G_underwoodi,AM
34.71,LRM48_G_underwoodi,AM
34.93,LRM48_G_underwoodi,AM
35.12,LRM48_G_underwoodi,AM
35.32,LRM48_G_underwoodi,AM
35.54,LRM48_G_underwoodi,AM
35.54,LRM48_G_underwoodi,AM
35.64,LRM48_G_underwoodi,AM
35.91,LRM48_G_underwoodi,AM
35.88,LRM48_G_underwoodi,AM
35.96,LRM48_G_underwoodi,AM
28.09,LRM49_G_underwoodi,AM
27.56,LRM49_G_underwoodi,AM
27.2,LRM49_G_underwoodi,AM
26.94,LRM49_G_underwoodi,AM
26.76,LRM49_G_underwoodi,AM
26.63,LRM49_G_underwoodi,AM
26.51,LRM49_G_underwoodi,AM
26.48,LRM49_G_underwoodi,AM
27.06,LRM49_G_underwoodi,AM
28.16,LRM49_G_underwoodi,AM
28.78,LRM49_G_underwoodi,AM
29.3,LRM49_G_underwoodi,AM
29.72,LRM49_G_underwoodi,AM
30.04,LRM49_G_underwoodi,AM
30.29,LRM49_G_underwoodi,AM
30.62,LRM49_G_underwoodi,AM
31.2,LRM49_G_underwoodi,AM
31.69,LRM49_G_underwoodi,AM
32.1,LRM49_G_underwoodi,AM
32.43,LRM49_G_underwoodi,AM
32.71,LRM49_G_underwoodi,AM
32.92,LRM49_G_underwoodi,AM
33.1,LRM49_G_underwoodi,AM
33.25,LRM49_G_underwoodi,AM
33.36,LRM49_G_underwoodi,AM
33.46,LRM49_G_underwoodi,AM
33.54,LRM49_G_underwoodi,AM
33.62,LRM49_G_underwoodi,AM
33.69,LRM49_G_underwoodi,AM
33.77,LRM49_G_underwoodi,AM
33.82,LRM49_G_underwoodi,AM
33.86,LRM49_G_underwoodi,AM
33.89,LRM49_G_underwoodi,AM
33.83,LRM49_G_underwoodi,AM
33.22,LRM49_G_underwoodi,AM
33.02,LRM49_G_underwoodi,AM
32.79,LRM49_G_underwoodi,AM
32.61,LRM49_G_underwoodi,AM
33.01,LRM49_G_underwoodi,AM
33.22,LRM49_G_underwoodi,AM
33.41,LRM49_G_underwoodi,AM
33.55,LRM49_G_underwoodi,AM
33.31,LRM49_G_underwoodi,AM
33.23,LRM49_G_underwoodi,AM
33.15,LRM49_G_underwoodi,AM
33.08,LRM49_G_underwoodi,AM
33.14,LRM49_G_underwoodi,AM
33.12,LRM49_G_underwoodi,AM
33.1,LRM49_G_underwoodi,AM
33.08,LRM49_G_underwoodi,AM
33.08,LRM49_G_underwoodi,AM
33.23,LRM49_G_underwoodi,AM
33.34,LRM49_G_underwoodi,AM
33.45,LRM49_G_underwoodi,AM
33.52,LRM49_G_underwoodi,AM
33.59,LRM49_G_underwoodi,AM
33.63,LRM49_G_underwoodi,AM
33.67,LRM49_G_underwoodi,AM
33.72,LRM49_G_underwoodi,AM
33.78,LRM49_G_underwoodi,AM
33.78,LRM49_G_underwoodi,AM
33.79,LRM49_G_underwoodi,AM
33.8,LRM49_G_underwoodi,AM
33.8,LRM49_G_underwoodi,AM
33.81,LRM49_G_underwoodi,AM
33.86,LRM49_G_underwoodi,AM
33.99,LRM49_G_underwoodi,AM
33.99,LRM49_G_underwoodi,AM
33.99,LRM49_G_underwoodi,AM
33.98,LRM49_G_underwoodi,AM
33.96,LRM49_G_underwoodi,AM
33.98,LRM49_G_underwoodi,AM
33.99,LRM49_G_underwoodi,AM
33.99,LRM49_G_underwoodi,AM
33.98,LRM49_G_underwoodi,AM
34.01,LRM49_G_underwoodi,AM
34.03,LRM49_G_underwoodi,AM
34.03,LRM49_G_underwoodi,AM
34.04,LRM49_G_underwoodi,AM
34.04,LRM49_G_underwoodi,AM
34.07,LRM49_G_underwoodi,AM
34.06,LRM49_G_underwoodi,AM
33.93,LRM49_G_underwoodi,AM
33.7,LRM49_G_underwoodi,AM
33.53,LRM49_G_underwoodi,AM
33.56,LRM49_G_underwoodi,AM
33.57,LRM49_G_underwoodi,AM
33.31,LRM49_G_underwoodi,AM
33.55,LRM49_G_underwoodi,AM
33.59,LRM49_G_underwoodi,AM
33.8,LRM49_G_underwoodi,AM
33.97,LRM49_G_underwoodi,AM
34.08,LRM49_G_underwoodi,AM
34.14,LRM49_G_underwoodi,AM
33.31,LRM49_G_underwoodi,AM
31.74,LRM49_G_underwoodi,AM
31.68,LRM49_G_underwoodi,AM
31.31,LRM49_G_underwoodi,AM
31.41,LRM49_G_underwoodi,AM
31.39,LRM49_G_underwoodi,AM
31.49,LRM49_G_underwoodi,AM
31.67,LRM49_G_underwoodi,AM
31.68,LRM49_G_underwoodi,AM
31.67,LRM49_G_underwoodi,AM
30.09,LRM49_G_underwoodi,AM
30.49,LRM49_G_underwoodi,AM
29.95,LRM49_G_underwoodi,AM
29.6,LRM49_G_underwoodi,AM
29.4,LRM49_G_underwoodi,AM
29.48,LRM49_G_underwoodi,AM
29.55,LRM49_G_underwoodi,AM
29.7,LRM49_G_underwoodi,AM
29.83,LRM49_G_underwoodi,AM
29.96,LRM49_G_underwoodi,AM
30.3,LRM49_G_underwoodi,AM
30.64,LRM49_G_underwoodi,AM
30.96,LRM49_G_underwoodi,AM
31.25,LRM49_G_underwoodi,AM
31.24,LRM49_G_underwoodi,AM
31.32,LRM49_G_underwoodi,AM
33.05,LRM50_G_underwoodi,AM
33.05,LRM50_G_underwoodi,AM
33.07,LRM50_G_underwoodi,AM
33.08,LRM50_G_underwoodi,AM
33.11,LRM50_G_underwoodi,AM
33.13,LRM50_G_underwoodi,AM
33.13,LRM50_G_underwoodi,AM
33.15,LRM50_G_underwoodi,AM
33.16,LRM50_G_underwoodi,AM
33.18,LRM50_G_underwoodi,AM
33.2,LRM50_G_underwoodi,AM
33.21,LRM50_G_underwoodi,AM
33.22,LRM50_G_underwoodi,AM
33.23,LRM50_G_underwoodi,AM
33.25,LRM50_G_underwoodi,AM
33.27,LRM50_G_underwoodi,AM
33.27,LRM50_G_underwoodi,AM
33.26,LRM50_G_underwoodi,AM
33.27,LRM50_G_underwoodi,AM
33.28,LRM50_G_underwoodi,AM
33.27,LRM50_G_underwoodi,AM
33.29,LRM50_G_underwoodi,AM
33.32,LRM50_G_underwoodi,AM
33.34,LRM50_G_underwoodi,AM
33.37,LRM50_G_underwoodi,AM
33.4,LRM50_G_underwoodi,AM
33.45,LRM50_G_underwoodi,AM
33.48,LRM50_G_underwoodi,AM
33.5,LRM50_G_underwoodi,AM
33.52,LRM50_G_underwoodi,AM
33.52,LRM50_G_underwoodi,AM
33.51,LRM50_G_underwoodi,AM
33.52,LRM50_G_underwoodi,AM
33.53,LRM50_G_underwoodi,AM
33.56,LRM50_G_underwoodi,AM
33.56,LRM50_G_underwoodi,AM
33.55,LRM50_G_underwoodi,AM
33.56,LRM50_G_underwoodi,AM
33.58,LRM50_G_underwoodi,AM
33.59,LRM50_G_underwoodi,AM
33.6,LRM50_G_underwoodi,AM
33.66,LRM50_G_underwoodi,AM
33.9,LRM50_G_underwoodi,AM
33.95,LRM50_G_underwoodi,AM
33.98,LRM50_G_underwoodi,AM
33.98,LRM50_G_underwoodi,AM
34,LRM50_G_underwoodi,AM
34.03,LRM50_G_underwoodi,AM
34.08,LRM50_G_underwoodi,AM
34.1,LRM50_G_underwoodi,AM
34.13,LRM50_G_underwoodi,AM
34.16,LRM50_G_underwoodi,AM
34.18,LRM50_G_underwoodi,AM
34.19,LRM50_G_underwoodi,AM
34.21,LRM50_G_underwoodi,AM
34.25,LRM50_G_underwoodi,AM
34.25,LRM50_G_underwoodi,AM
34.27,LRM50_G_underwoodi,AM
34.27,LRM50_G_underwoodi,AM
34.22,LRM50_G_underwoodi,AM
34.16,LRM50_G_underwoodi,AM
34.1,LRM50_G_underwoodi,AM
34.09,LRM50_G_underwoodi,AM
34.06,LRM50_G_underwoodi,AM
34.05,LRM50_G_underwoodi,AM
34.03,LRM50_G_underwoodi,AM
34.02,LRM50_G_underwoodi,AM
33.99,LRM50_G_underwoodi,AM
33.98,LRM50_G_underwoodi,AM
33.98,LRM50_G_underwoodi,AM
33.98,LRM50_G_underwoodi,AM
33.97,LRM50_G_underwoodi,AM
33.98,LRM50_G_underwoodi,AM
33.98,LRM50_G_underwoodi,AM
33.98,LRM50_G_underwoodi,AM
33.97,LRM50_G_underwoodi,AM
33.97,LRM50_G_underwoodi,AM
33.96,LRM50_G_underwoodi,AM
33.98,LRM50_G_underwoodi,AM
34,LRM50_G_underwoodi,AM
34.01,LRM50_G_underwoodi,AM
34.02,LRM50_G_underwoodi,AM
34.03,LRM50_G_underwoodi,AM
34.05,LRM50_G_underwoodi,AM
34.05,LRM50_G_underwoodi,AM
34.05,LRM50_G_underwoodi,AM
34.04,LRM50_G_underwoodi,AM
34.06,LRM50_G_underwoodi,AM
34.08,LRM50_G_underwoodi,AM
34.11,LRM50_G_underwoodi,AM
34.12,LRM50_G_underwoodi,AM
34.13,LRM50_G_underwoodi,AM
34.15,LRM50_G_underwoodi,AM
34.18,LRM50_G_underwoodi,AM
34.21,LRM50_G_underwoodi,AM
34.27,LRM50_G_underwoodi,AM
34.27,LRM50_G_underwoodi,AM
34.27,LRM50_G_underwoodi,AM
34.28,LRM50_G_underwoodi,AM
34.25,LRM50_G_underwoodi,AM
34.2,LRM50_G_underwoodi,AM
34.19,LRM50_G_underwoodi,AM
34.16,LRM50_G_underwoodi,AM
34.14,LRM50_G_underwoodi,AM
34.12,LRM50_G_underwoodi,AM
34.09,LRM50_G_underwoodi,AM
34.06,LRM50_G_underwoodi,AM
34.05,LRM50_G_underwoodi,AM
34.02,LRM50_G_underwoodi,AM
34.01,LRM50_G_underwoodi,AM
34.02,LRM50_G_underwoodi,AM
34,LRM50_G_underwoodi,AM
34,LRM50_G_underwoodi,AM
34,LRM50_G_underwoodi,AM
33.98,LRM50_G_underwoodi,AM
33.98,LRM50_G_underwoodi,AM
34.19,LRM50_G_underwoodi,AM
34.29,LRM50_G_underwoodi,AM
34.32,LRM50_G_underwoodi,AM
34.36,LRM50_G_underwoodi,AM
25.82,LRM51_G_underwoodi,AM
25.84,LRM51_G_underwoodi,AM
25.88,LRM51_G_underwoodi,AM
25.93,LRM51_G_underwoodi,AM
26.03,LRM51_G_underwoodi,AM
26.07,LRM51_G_underwoodi,AM
26.26,LRM51_G_underwoodi,AM
26.84,LRM51_G_underwoodi,AM
27.29,LRM51_G_underwoodi,AM
27.65,LRM51_G_underwoodi,AM
27.91,LRM51_G_underwoodi,AM
28.08,LRM51_G_underwoodi,AM
28.72,LRM51_G_underwoodi,AM
29.78,LRM51_G_underwoodi,AM
30.47,LRM51_G_underwoodi,AM
30.98,LRM51_G_underwoodi,AM
31.38,LRM51_G_underwoodi,AM
31.68,LRM51_G_underwoodi,AM
32.04,LRM51_G_underwoodi,AM
32.4,LRM51_G_underwoodi,AM
32.79,LRM51_G_underwoodi,AM
33.29,LRM51_G_underwoodi,AM
33.62,LRM51_G_underwoodi,AM
33.89,LRM51_G_underwoodi,AM
34.07,LRM51_G_underwoodi,AM
34.21,LRM51_G_underwoodi,AM
34.32,LRM51_G_underwoodi,AM
34.4,LRM51_G_underwoodi,AM
34.5,LRM51_G_underwoodi,AM
34.59,LRM51_G_underwoodi,AM
34.66,LRM51_G_underwoodi,AM
34.7,LRM51_G_underwoodi,AM
34.74,LRM51_G_underwoodi,AM
34.78,LRM51_G_underwoodi,AM
34.8,LRM51_G_underwoodi,AM
34.84,LRM51_G_underwoodi,AM
34.86,LRM51_G_underwoodi,AM
34.88,LRM51_G_underwoodi,AM
34.89,LRM51_G_underwoodi,AM
34.92,LRM51_G_underwoodi,AM
34.76,LRM51_G_underwoodi,AM
34.48,LRM51_G_underwoodi,AM
34.27,LRM51_G_underwoodi,AM
34.11,LRM51_G_underwoodi,AM
33.98,LRM51_G_underwoodi,AM
33.87,LRM51_G_underwoodi,AM
33.78,LRM51_G_underwoodi,AM
33.76,LRM51_G_underwoodi,AM
33.74,LRM51_G_underwoodi,AM
33.76,LRM51_G_underwoodi,AM
33.85,LRM51_G_underwoodi,AM
33.98,LRM51_G_underwoodi,AM
34.12,LRM51_G_underwoodi,AM
34.22,LRM51_G_underwoodi,AM
34.28,LRM51_G_underwoodi,AM
34.32,LRM51_G_underwoodi,AM
34.34,LRM51_G_underwoodi,AM
34.36,LRM51_G_underwoodi,AM
34.35,LRM51_G_underwoodi,AM
34.35,LRM51_G_underwoodi,AM
34.35,LRM51_G_underwoodi,AM
34.34,LRM51_G_underwoodi,AM
34.34,LRM51_G_underwoodi,AM
34.34,LRM51_G_underwoodi,AM
34.34,LRM51_G_underwoodi,AM
34.34,LRM51_G_underwoodi,AM
34.34,LRM51_G_underwoodi,AM
34.42,LRM51_G_underwoodi,AM
34.7,LRM51_G_underwoodi,AM
34.83,LRM51_G_underwoodi,AM
34.88,LRM51_G_underwoodi,AM
34.9,LRM51_G_underwoodi,AM
34.85,LRM51_G_underwoodi,AM
34.92,LRM51_G_underwoodi,AM
34.94,LRM51_G_underwoodi,AM
34.94,LRM51_G_underwoodi,AM
34.66,LRM51_G_underwoodi,AM
34.41,LRM51_G_underwoodi,AM
34.33,LRM51_G_underwoodi,AM
34.62,LRM51_G_underwoodi,AM
34.76,LRM51_G_underwoodi,AM
34.84,LRM51_G_underwoodi,AM
34.91,LRM51_G_underwoodi,AM
34.94,LRM51_G_underwoodi,AM
34.75,LRM51_G_underwoodi,AM
34.6,LRM51_G_underwoodi,AM
34.41,LRM51_G_underwoodi,AM
34.09,LRM51_G_underwoodi,AM
33.99,LRM51_G_underwoodi,AM
33.91,LRM51_G_underwoodi,AM
33.87,LRM51_G_underwoodi,AM
33.94,LRM51_G_underwoodi,AM
34.42,LRM51_G_underwoodi,AM
34.63,LRM51_G_underwoodi,AM
34.86,LRM51_G_underwoodi,AM
34.98,LRM51_G_underwoodi,AM
35.05,LRM51_G_underwoodi,AM
35.14,LRM51_G_underwoodi,AM
35.23,LRM51_G_underwoodi,AM
35.21,LRM51_G_underwoodi,AM
35.21,LRM51_G_underwoodi,AM
35.22,LRM51_G_underwoodi,AM
35.22,LRM51_G_underwoodi,AM
35.21,LRM51_G_underwoodi,AM
35.22,LRM51_G_underwoodi,AM
35.21,LRM51_G_underwoodi,AM
35.18,LRM51_G_underwoodi,AM
35.17,LRM51_G_underwoodi,AM
35.19,LRM51_G_underwoodi,AM
35.18,LRM51_G_underwoodi,AM
35.21,LRM51_G_underwoodi,AM
35.16,LRM51_G_underwoodi,AM
35.17,LRM51_G_underwoodi,AM
35.16,LRM51_G_underwoodi,AM
35.17,LRM51_G_underwoodi,AM
35.17,LRM51_G_underwoodi,AM
35.14,LRM51_G_underwoodi,AM
35.18,LRM51_G_underwoodi,AM
35.18,LRM51_G_underwoodi,AM
35.15,LRM51_G_underwoodi,AM
27.94,LRM52_G_underwoodi,AM
28.82,LRM52_G_underwoodi,AM
29.3,LRM52_G_underwoodi,AM
29.63,LRM52_G_underwoodi,AM
29.19,LRM52_G_underwoodi,AM
29.61,LRM52_G_underwoodi,AM
29.2,LRM52_G_underwoodi,AM
29.65,LRM52_G_underwoodi,AM
29.75,LRM52_G_underwoodi,AM
29.72,LRM52_G_underwoodi,AM
30.05,LRM52_G_underwoodi,AM
30.14,LRM52_G_underwoodi,AM
30.17,LRM52_G_underwoodi,AM
30.43,LRM52_G_underwoodi,AM
30.52,LRM52_G_underwoodi,AM
30.36,LRM52_G_underwoodi,AM
30.11,LRM52_G_underwoodi,AM
30.53,LRM52_G_underwoodi,AM
30.74,LRM52_G_underwoodi,AM
30.77,LRM52_G_underwoodi,AM
30.54,LRM52_G_underwoodi,AM
30.83,LRM52_G_underwoodi,AM
30.92,LRM52_G_underwoodi,AM
30.73,LRM52_G_underwoodi,AM
30.74,LRM52_G_underwoodi,AM
30.74,LRM52_G_underwoodi,AM
30.83,LRM52_G_underwoodi,AM
30.8,LRM52_G_underwoodi,AM
30.48,LRM52_G_underwoodi,AM
30.48,LRM52_G_underwoodi,AM
30.56,LRM52_G_underwoodi,AM
30.59,LRM52_G_underwoodi,AM
30.59,LRM52_G_underwoodi,AM
30.56,LRM52_G_underwoodi,AM
30.53,LRM52_G_underwoodi,AM
30.5,LRM52_G_underwoodi,AM
30.46,LRM52_G_underwoodi,AM
30.44,LRM52_G_underwoodi,AM
30.43,LRM52_G_underwoodi,AM
30.41,LRM52_G_underwoodi,AM
30.4,LRM52_G_underwoodi,AM
30.4,LRM52_G_underwoodi,AM
30.39,LRM52_G_underwoodi,AM
30.38,LRM52_G_underwoodi,AM
30.37,LRM52_G_underwoodi,AM
30.38,LRM52_G_underwoodi,AM
30.51,LRM52_G_underwoodi,AM
30.64,LRM52_G_underwoodi,AM
30.81,LRM52_G_underwoodi,AM
30.75,LRM52_G_underwoodi,AM
29.46,LRM52_G_underwoodi,AM
29.37,LRM52_G_underwoodi,AM
29.14,LRM52_G_underwoodi,AM
29.09,LRM52_G_underwoodi,AM
29.21,LRM52_G_underwoodi,AM
29.5,LRM52_G_underwoodi,AM
29.79,LRM52_G_underwoodi,AM
30.07,LRM52_G_underwoodi,AM
30.35,LRM52_G_underwoodi,AM
30.61,LRM52_G_underwoodi,AM
30.86,LRM52_G_underwoodi,AM
31.07,LRM52_G_underwoodi,AM
31.26,LRM52_G_underwoodi,AM
31.42,LRM52_G_underwoodi,AM
31.45,LRM52_G_underwoodi,AM
31.46,LRM52_G_underwoodi,AM
31.46,LRM52_G_underwoodi,AM
31.43,LRM52_G_underwoodi,AM
31.31,LRM52_G_underwoodi,AM
31.18,LRM52_G_underwoodi,AM
31.07,LRM52_G_underwoodi,AM
31.17,LRM52_G_underwoodi,AM
31.24,LRM52_G_underwoodi,AM
31.19,LRM52_G_underwoodi,AM
31.15,LRM52_G_underwoodi,AM
31.11,LRM52_G_underwoodi,AM
31.17,LRM52_G_underwoodi,AM
31.44,LRM52_G_underwoodi,AM
31.6,LRM52_G_underwoodi,AM
31.73,LRM52_G_underwoodi,AM
31.58,LRM52_G_underwoodi,AM
31.63,LRM52_G_underwoodi,AM
31.65,LRM52_G_underwoodi,AM
31.49,LRM52_G_underwoodi,AM
31.57,LRM52_G_underwoodi,AM
31.7,LRM52_G_underwoodi,AM
31.77,LRM52_G_underwoodi,AM
31.84,LRM52_G_underwoodi,AM
31.86,LRM52_G_underwoodi,AM
31.84,LRM52_G_underwoodi,AM
30.78,LRM52_G_underwoodi,AM
29.88,LRM52_G_underwoodi,AM
29.45,LRM52_G_underwoodi,AM
29.11,LRM52_G_underwoodi,AM
28.91,LRM52_G_underwoodi,AM
28.93,LRM52_G_underwoodi,AM
29.07,LRM52_G_underwoodi,AM
29.26,LRM52_G_underwoodi,AM
29.85,LRM52_G_underwoodi,AM
30.1,LRM52_G_underwoodi,AM
30.35,LRM52_G_underwoodi,AM
30.59,LRM52_G_underwoodi,AM
30.83,LRM52_G_underwoodi,AM
31.06,LRM52_G_underwoodi,AM
31.04,LRM52_G_underwoodi,AM
31.09,LRM52_G_underwoodi,AM
31.25,LRM52_G_underwoodi,AM
31.44,LRM52_G_underwoodi,AM
30.44,LRM52_G_underwoodi,AM
29.78,LRM52_G_underwoodi,AM
29.44,LRM52_G_underwoodi,AM
29.15,LRM52_G_underwoodi,AM
29.02,LRM52_G_underwoodi,AM
29.01,LRM52_G_underwoodi,AM
29.06,LRM52_G_underwoodi,AM
29.14,LRM52_G_underwoodi,AM
29.23,LRM52_G_underwoodi,AM
29.35,LRM52_G_underwoodi,AM
29.49,LRM52_G_underwoodi,AM
29.64,LRM52_G_underwoodi,AM
31.25,LRM53_G_underwoodi,AM
31.25,LRM53_G_underwoodi,AM
31.26,LRM53_G_underwoodi,AM
31.28,LRM53_G_underwoodi,AM
31.29,LRM53_G_underwoodi,AM
31.23,LRM53_G_underwoodi,AM
31.25,LRM53_G_underwoodi,AM
31.24,LRM53_G_underwoodi,AM
31.23,LRM53_G_underwoodi,AM
31.24,LRM53_G_underwoodi,AM
31.22,LRM53_G_underwoodi,AM
31.23,LRM53_G_underwoodi,AM
31.24,LRM53_G_underwoodi,AM
31.26,LRM53_G_underwoodi,AM
31.24,LRM53_G_underwoodi,AM
31.22,LRM53_G_underwoodi,AM
31.19,LRM53_G_underwoodi,AM
31.22,LRM53_G_underwoodi,AM
31.17,LRM53_G_underwoodi,AM
31.21,LRM53_G_underwoodi,AM
31.25,LRM53_G_underwoodi,AM
31.21,LRM53_G_underwoodi,AM
31.19,LRM53_G_underwoodi,AM
31.2,LRM53_G_underwoodi,AM
31.22,LRM53_G_underwoodi,AM
31.24,LRM53_G_underwoodi,AM
31.22,LRM53_G_underwoodi,AM
31.24,LRM53_G_underwoodi,AM
31.27,LRM53_G_underwoodi,AM
31.29,LRM53_G_underwoodi,AM
31.26,LRM53_G_underwoodi,AM
31.24,LRM53_G_underwoodi,AM
31.2,LRM53_G_underwoodi,AM
31.16,LRM53_G_underwoodi,AM
31.17,LRM53_G_underwoodi,AM
31.17,LRM53_G_underwoodi,AM
31.17,LRM53_G_underwoodi,AM
31.18,LRM53_G_underwoodi,AM
31.15,LRM53_G_underwoodi,AM
31.14,LRM53_G_underwoodi,AM
31.16,LRM53_G_underwoodi,AM
31.15,LRM53_G_underwoodi,AM
31.18,LRM53_G_underwoodi,AM
31.18,LRM53_G_underwoodi,AM
31.26,LRM53_G_underwoodi,AM
31.42,LRM53_G_underwoodi,AM
31.5,LRM53_G_underwoodi,AM
31.33,LRM53_G_underwoodi,AM
31.67,LRM53_G_underwoodi,AM
31.8,LRM53_G_underwoodi,AM
31.82,LRM53_G_underwoodi,AM
31.86,LRM53_G_underwoodi,AM
31.92,LRM53_G_underwoodi,AM
31.83,LRM53_G_underwoodi,AM
30.55,LRM53_G_underwoodi,AM
29.61,LRM53_G_underwoodi,AM
29.87,LRM53_G_underwoodi,AM
29,LRM53_G_underwoodi,AM
28.59,LRM53_G_underwoodi,AM
28.27,LRM53_G_underwoodi,AM
28.02,LRM53_G_underwoodi,AM
27.86,LRM53_G_underwoodi,AM
27.68,LRM53_G_underwoodi,AM
27.58,LRM53_G_underwoodi,AM
27.48,LRM53_G_underwoodi,AM
27.38,LRM53_G_underwoodi,AM
27.37,LRM53_G_underwoodi,AM
27.37,LRM53_G_underwoodi,AM
27.35,LRM53_G_underwoodi,AM
27.3,LRM53_G_underwoodi,AM
27.26,LRM53_G_underwoodi,AM
27.28,LRM53_G_underwoodi,AM
27.26,LRM53_G_underwoodi,AM
27.26,LRM53_G_underwoodi,AM
27.27,LRM53_G_underwoodi,AM
27.31,LRM53_G_underwoodi,AM
27.32,LRM53_G_underwoodi,AM
27.33,LRM53_G_underwoodi,AM
27.33,LRM53_G_underwoodi,AM
27.33,LRM53_G_underwoodi,AM
27.3,LRM53_G_underwoodi,AM
27.32,LRM53_G_underwoodi,AM
27.32,LRM53_G_underwoodi,AM
27.3,LRM53_G_underwoodi,AM
27.29,LRM53_G_underwoodi,AM
27.35,LRM53_G_underwoodi,AM
27.35,LRM53_G_underwoodi,AM
27.4,LRM53_G_underwoodi,AM
27.38,LRM53_G_underwoodi,AM
27.37,LRM53_G_underwoodi,AM
27.37,LRM53_G_underwoodi,AM
27.37,LRM53_G_underwoodi,AM
27.37,LRM53_G_underwoodi,AM
27.41,LRM53_G_underwoodi,AM
27.42,LRM53_G_underwoodi,AM
27.39,LRM53_G_underwoodi,AM
27.39,LRM53_G_underwoodi,AM
27.41,LRM53_G_underwoodi,AM
27.4,LRM53_G_underwoodi,AM
27.44,LRM53_G_underwoodi,AM
27.48,LRM53_G_underwoodi,AM
27.51,LRM53_G_underwoodi,AM
27.51,LRM53_G_underwoodi,AM
27.53,LRM53_G_underwoodi,AM
27.55,LRM53_G_underwoodi,AM
27.6,LRM53_G_underwoodi,AM
27.6,LRM53_G_underwoodi,AM
27.62,LRM53_G_underwoodi,AM
27.63,LRM53_G_underwoodi,AM
27.65,LRM53_G_underwoodi,AM
27.69,LRM53_G_underwoodi,AM
27.69,LRM53_G_underwoodi,AM
28.05,LRM53_G_underwoodi,AM
28.46,LRM53_G_underwoodi,AM
28.93,LRM53_G_underwoodi,AM
29.23,LRM53_G_underwoodi,AM
29.83,LRM53_G_underwoodi,AM
30.41,LRM53_G_underwoodi,AM
30.93,LRM53_G_underwoodi,AM
31.34,LRM53_G_underwoodi,AM
33.44,LRM54_G_underwoodi,AM
33.46,LRM54_G_underwoodi,AM
33.47,LRM54_G_underwoodi,AM
33.51,LRM54_G_underwoodi,AM
33.53,LRM54_G_underwoodi,AM
33.27,LRM54_G_underwoodi,AM
33.21,LRM54_G_underwoodi,AM
33.14,LRM54_G_underwoodi,AM
33.09,LRM54_G_underwoodi,AM
33.04,LRM54_G_underwoodi,AM
33,LRM54_G_underwoodi,AM
33.01,LRM54_G_underwoodi,AM
32.99,LRM54_G_underwoodi,AM
32.99,LRM54_G_underwoodi,AM
32.99,LRM54_G_underwoodi,AM
33.04,LRM54_G_underwoodi,AM
32.97,LRM54_G_underwoodi,AM
32.89,LRM54_G_underwoodi,AM
32.9,LRM54_G_underwoodi,AM
32.91,LRM54_G_underwoodi,AM
32.98,LRM54_G_underwoodi,AM
32.99,LRM54_G_underwoodi,AM
33,LRM54_G_underwoodi,AM
33.01,LRM54_G_underwoodi,AM
33.02,LRM54_G_underwoodi,AM
33.05,LRM54_G_underwoodi,AM
33.06,LRM54_G_underwoodi,AM
33.06,LRM54_G_underwoodi,AM
33.08,LRM54_G_underwoodi,AM
33.12,LRM54_G_underwoodi,AM
33.13,LRM54_G_underwoodi,AM
33.1,LRM54_G_underwoodi,AM
33.1,LRM54_G_underwoodi,AM
33.03,LRM54_G_underwoodi,AM
32.99,LRM54_G_underwoodi,AM
33,LRM54_G_underwoodi,AM
33.04,LRM54_G_underwoodi,AM
33.06,LRM54_G_underwoodi,AM
33.1,LRM54_G_underwoodi,AM
33.12,LRM54_G_underwoodi,AM
33.12,LRM54_G_underwoodi,AM
33.1,LRM54_G_underwoodi,AM
33.09,LRM54_G_underwoodi,AM
33.09,LRM54_G_underwoodi,AM
33.22,LRM54_G_underwoodi,AM
33.4,LRM54_G_underwoodi,AM
33.53,LRM54_G_underwoodi,AM
33.6,LRM54_G_underwoodi,AM
33.68,LRM54_G_underwoodi,AM
33.74,LRM54_G_underwoodi,AM
33.77,LRM54_G_underwoodi,AM
33.81,LRM54_G_underwoodi,AM
33.85,LRM54_G_underwoodi,AM
33.9,LRM54_G_underwoodi,AM
33.93,LRM54_G_underwoodi,AM
33.97,LRM54_G_underwoodi,AM
33.99,LRM54_G_underwoodi,AM
34.02,LRM54_G_underwoodi,AM
34.04,LRM54_G_underwoodi,AM
34.03,LRM54_G_underwoodi,AM
34.06,LRM54_G_underwoodi,AM
34.08,LRM54_G_underwoodi,AM
34.07,LRM54_G_underwoodi,AM
34.08,LRM54_G_underwoodi,AM
34.06,LRM54_G_underwoodi,AM
34.11,LRM54_G_underwoodi,AM
34.09,LRM54_G_underwoodi,AM
34.12,LRM54_G_underwoodi,AM
34.11,LRM54_G_underwoodi,AM
34.09,LRM54_G_underwoodi,AM
34.09,LRM54_G_underwoodi,AM
34.08,LRM54_G_underwoodi,AM
34.08,LRM54_G_underwoodi,AM
34.1,LRM54_G_underwoodi,AM
34.12,LRM54_G_underwoodi,AM
34.14,LRM54_G_underwoodi,AM
34.17,LRM54_G_underwoodi,AM
34.16,LRM54_G_underwoodi,AM
34.16,LRM54_G_underwoodi,AM
34.15,LRM54_G_underwoodi,AM
34.16,LRM54_G_underwoodi,AM
34.19,LRM54_G_underwoodi,AM
34.22,LRM54_G_underwoodi,AM
34.23,LRM54_G_underwoodi,AM
34.27,LRM54_G_underwoodi,AM
34.28,LRM54_G_underwoodi,AM
34.28,LRM54_G_underwoodi,AM
34.27,LRM54_G_underwoodi,AM
34.26,LRM54_G_underwoodi,AM
34.25,LRM54_G_underwoodi,AM
34.24,LRM54_G_underwoodi,AM
34.26,LRM54_G_underwoodi,AM
34.28,LRM54_G_underwoodi,AM
34.3,LRM54_G_underwoodi,AM
34.34,LRM54_G_underwoodi,AM
34.35,LRM54_G_underwoodi,AM
34.36,LRM54_G_underwoodi,AM
34.38,LRM54_G_underwoodi,AM
34.4,LRM54_G_underwoodi,AM
34.4,LRM54_G_underwoodi,AM
34.42,LRM54_G_underwoodi,AM
34.43,LRM54_G_underwoodi,AM
34.44,LRM54_G_underwoodi,AM
34.47,LRM54_G_underwoodi,AM
34.48,LRM54_G_underwoodi,AM
34.5,LRM54_G_underwoodi,AM
34.53,LRM54_G_underwoodi,AM
34.55,LRM54_G_underwoodi,AM
34.56,LRM54_G_underwoodi,AM
34.59,LRM54_G_underwoodi,AM
34.59,LRM54_G_underwoodi,AM
34.59,LRM54_G_underwoodi,AM
34.59,LRM54_G_underwoodi,AM
34.58,LRM54_G_underwoodi,AM
34.57,LRM54_G_underwoodi,AM
34.57,LRM54_G_underwoodi,AM
34.57,LRM54_G_underwoodi,AM
34.6,LRM54_G_underwoodi,AM
34.62,LRM54_G_underwoodi,AM
34.63,LRM54_G_underwoodi,AM
32.14,LRM55_G_underwoodi,AM
32.16,LRM55_G_underwoodi,AM
32.24,LRM55_G_underwoodi,AM
32.29,LRM55_G_underwoodi,AM
32.31,LRM55_G_underwoodi,AM
32.33,LRM55_G_underwoodi,AM
32.38,LRM55_G_underwoodi,AM
32.46,LRM55_G_underwoodi,AM
32.96,LRM55_G_underwoodi,AM
33.18,LRM55_G_underwoodi,AM
33.34,LRM55_G_underwoodi,AM
31.97,LRM55_G_underwoodi,AM
31.29,LRM55_G_underwoodi,AM
31.2,LRM55_G_underwoodi,AM
31.32,LRM55_G_underwoodi,AM
31.46,LRM55_G_underwoodi,AM
31.55,LRM55_G_underwoodi,AM
31.68,LRM55_G_underwoodi,AM
31.77,LRM55_G_underwoodi,AM
31.81,LRM55_G_underwoodi,AM
31.85,LRM55_G_underwoodi,AM
31.96,LRM55_G_underwoodi,AM
32.15,LRM55_G_underwoodi,AM
32.23,LRM55_G_underwoodi,AM
32.34,LRM55_G_underwoodi,AM
32.44,LRM55_G_underwoodi,AM
32.49,LRM55_G_underwoodi,AM
32.51,LRM55_G_underwoodi,AM
32.57,LRM55_G_underwoodi,AM
32.59,LRM55_G_underwoodi,AM
32.61,LRM55_G_underwoodi,AM
32.59,LRM55_G_underwoodi,AM
32.59,LRM55_G_underwoodi,AM
32.51,LRM55_G_underwoodi,AM
32.39,LRM55_G_underwoodi,AM
32.35,LRM55_G_underwoodi,AM
32.34,LRM55_G_underwoodi,AM
32.33,LRM55_G_underwoodi,AM
32.38,LRM55_G_underwoodi,AM
32.39,LRM55_G_underwoodi,AM
32.36,LRM55_G_underwoodi,AM
32.29,LRM55_G_underwoodi,AM
32.31,LRM55_G_underwoodi,AM
32.31,LRM55_G_underwoodi,AM
32.29,LRM55_G_underwoodi,AM
32.33,LRM55_G_underwoodi,AM
32.35,LRM55_G_underwoodi,AM
32.34,LRM55_G_underwoodi,AM
32.27,LRM55_G_underwoodi,AM
32.27,LRM55_G_underwoodi,AM
32.27,LRM55_G_underwoodi,AM
32.29,LRM55_G_underwoodi,AM
32.31,LRM55_G_underwoodi,AM
32.33,LRM55_G_underwoodi,AM
32.37,LRM55_G_underwoodi,AM
32.39,LRM55_G_underwoodi,AM
32.4,LRM55_G_underwoodi,AM
32.4,LRM55_G_underwoodi,AM
32.41,LRM55_G_underwoodi,AM
32.4,LRM55_G_underwoodi,AM
32.64,LRM55_G_underwoodi,AM
32.95,LRM55_G_underwoodi,AM
33.19,LRM55_G_underwoodi,AM
33.37,LRM55_G_underwoodi,AM
33.5,LRM55_G_underwoodi,AM
33.6,LRM55_G_underwoodi,AM
33.63,LRM55_G_underwoodi,AM
33.66,LRM55_G_underwoodi,AM
33.66,LRM55_G_underwoodi,AM
33.66,LRM55_G_underwoodi,AM
33.68,LRM55_G_underwoodi,AM
33.58,LRM55_G_underwoodi,AM
33.46,LRM55_G_underwoodi,AM
33.4,LRM55_G_underwoodi,AM
33.36,LRM55_G_underwoodi,AM
33.34,LRM55_G_underwoodi,AM
33.34,LRM55_G_underwoodi,AM
33.33,LRM55_G_underwoodi,AM
33.31,LRM55_G_underwoodi,AM
33.29,LRM55_G_underwoodi,AM
33.21,LRM55_G_underwoodi,AM
33.2,LRM55_G_underwoodi,AM
33.21,LRM55_G_underwoodi,AM
33.21,LRM55_G_underwoodi,AM
33.21,LRM55_G_underwoodi,AM
33.19,LRM55_G_underwoodi,AM
33.2,LRM55_G_underwoodi,AM
33.22,LRM55_G_underwoodi,AM
33.21,LRM55_G_underwoodi,AM
33.17,LRM55_G_underwoodi,AM
33.18,LRM55_G_underwoodi,AM
33.21,LRM55_G_underwoodi,AM
33.23,LRM55_G_underwoodi,AM
33.25,LRM55_G_underwoodi,AM
33.22,LRM55_G_underwoodi,AM
33.33,LRM55_G_underwoodi,AM
33.52,LRM55_G_underwoodi,AM
33.4,LRM55_G_underwoodi,AM
32.89,LRM55_G_underwoodi,AM
32.86,LRM55_G_underwoodi,AM
33.05,LRM55_G_underwoodi,AM
33.15,LRM55_G_underwoodi,AM
33.24,LRM55_G_underwoodi,AM
33.29,LRM55_G_underwoodi,AM
33.33,LRM55_G_underwoodi,AM
33.36,LRM55_G_underwoodi,AM
33.36,LRM55_G_underwoodi,AM
33.38,LRM55_G_underwoodi,AM
33.37,LRM55_G_underwoodi,AM
33.45,LRM55_G_underwoodi,AM
33.38,LRM55_G_underwoodi,AM
33.31,LRM55_G_underwoodi,AM
33.24,LRM55_G_underwoodi,AM
33.18,LRM55_G_underwoodi,AM
33.01,LRM55_G_underwoodi,AM
32.89,LRM55_G_underwoodi,AM
33.11,LRM55_G_underwoodi,AM
32.89,LRM55_G_underwoodi,AM
33.09,LRM55_G_underwoodi,AM
33.21,LRM55_G_underwoodi,AM
36.12,LRM56_G_underwoodi,AM
36.12,LRM56_G_underwoodi,AM
36.12,LRM56_G_underwoodi,AM
36.18,LRM56_G_underwoodi,AM
36.2,LRM56_G_underwoodi,AM
36.26,LRM56_G_underwoodi,AM
36.25,LRM56_G_underwoodi,AM
36.25,LRM56_G_underwoodi,AM
36.29,LRM56_G_underwoodi,AM
36.29,LRM56_G_underwoodi,AM
36.26,LRM56_G_underwoodi,AM
36.3,LRM56_G_underwoodi,AM
36.31,LRM56_G_underwoodi,AM
36.33,LRM56_G_underwoodi,AM
36.34,LRM56_G_underwoodi,AM
36.32,LRM56_G_underwoodi,AM
36.28,LRM56_G_underwoodi,AM
36.33,LRM56_G_underwoodi,AM
36.32,LRM56_G_underwoodi,AM
36.33,LRM56_G_underwoodi,AM
36.34,LRM56_G_underwoodi,AM
36.31,LRM56_G_underwoodi,AM
36.26,LRM56_G_underwoodi,AM
36.26,LRM56_G_underwoodi,AM
36.26,LRM56_G_underwoodi,AM
36.32,LRM56_G_underwoodi,AM
36.33,LRM56_G_underwoodi,AM
36.36,LRM56_G_underwoodi,AM
36.36,LRM56_G_underwoodi,AM
36.5,LRM56_G_underwoodi,AM
31.56,LRM56_G_underwoodi,AM
32.23,LRM56_G_underwoodi,AM
36.32,LRM56_G_underwoodi,AM
36.38,LRM56_G_underwoodi,AM
36.47,LRM56_G_underwoodi,AM
36.57,LRM56_G_underwoodi,AM
36.61,LRM56_G_underwoodi,AM
36.06,LRM56_G_underwoodi,AM
36.5,LRM56_G_underwoodi,AM
36.4,LRM56_G_underwoodi,AM
36.26,LRM56_G_underwoodi,AM
35.54,LRM56_G_underwoodi,AM
33.95,LRM56_G_underwoodi,AM
33.21,LRM56_G_underwoodi,AM
32.95,LRM56_G_underwoodi,AM
32.88,LRM56_G_underwoodi,AM
32.85,LRM56_G_underwoodi,AM
32.82,LRM56_G_underwoodi,AM
32.83,LRM56_G_underwoodi,AM
32.95,LRM56_G_underwoodi,AM
33.61,LRM56_G_underwoodi,AM
34.34,LRM56_G_underwoodi,AM
35.02,LRM56_G_underwoodi,AM
35.34,LRM56_G_underwoodi,AM
35.16,LRM56_G_underwoodi,AM
32.19,LRM56_G_underwoodi,AM
32.82,LRM56_G_underwoodi,AM
33.28,LRM56_G_underwoodi,AM
32.64,LRM56_G_underwoodi,AM
32.22,LRM56_G_underwoodi,AM
32.01,LRM56_G_underwoodi,AM
31.9,LRM56_G_underwoodi,AM
31.84,LRM56_G_underwoodi,AM
31.77,LRM56_G_underwoodi,AM
31.72,LRM56_G_underwoodi,AM
31.93,LRM56_G_underwoodi,AM
31.87,LRM56_G_underwoodi,AM
31.87,LRM56_G_underwoodi,AM
31.83,LRM56_G_underwoodi,AM
31.53,LRM56_G_underwoodi,AM
31.3,LRM56_G_underwoodi,AM
31.1,LRM56_G_underwoodi,AM
30.96,LRM56_G_underwoodi,AM
30.83,LRM56_G_underwoodi,AM
30.72,LRM56_G_underwoodi,AM
30.63,LRM56_G_underwoodi,AM
30.57,LRM56_G_underwoodi,AM
30.66,LRM56_G_underwoodi,AM
30.97,LRM56_G_underwoodi,AM
31.45,LRM56_G_underwoodi,AM
32.54,LRM56_G_underwoodi,AM
33.5,LRM56_G_underwoodi,AM
34.58,LRM56_G_underwoodi,AM
35.5,LRM56_G_underwoodi,AM
35.82,LRM56_G_underwoodi,AM
36.08,LRM56_G_underwoodi,AM
36.28,LRM56_G_underwoodi,AM
36.45,LRM56_G_underwoodi,AM
32.03,LRM56_G_underwoodi,AM
28.52,LRM56_G_underwoodi,AM
30.3,LRM56_G_underwoodi,AM
30.86,LRM56_G_underwoodi,AM
36.47,LRM56_G_underwoodi,AM
37.09,LRM56_G_underwoodi,AM
37.06,LRM56_G_underwoodi,AM
36.95,LRM56_G_underwoodi,AM
36.99,LRM56_G_underwoodi,AM
36.95,LRM56_G_underwoodi,AM
36.89,LRM56_G_underwoodi,AM
36.75,LRM56_G_underwoodi,AM
36.67,LRM56_G_underwoodi,AM
36.7,LRM56_G_underwoodi,AM
36.79,LRM56_G_underwoodi,AM
36.88,LRM56_G_underwoodi,AM
36.91,LRM56_G_underwoodi,AM
36.92,LRM56_G_underwoodi,AM
37,LRM56_G_underwoodi,AM
37.01,LRM56_G_underwoodi,AM
36.98,LRM56_G_underwoodi,AM
36.87,LRM56_G_underwoodi,AM
36.86,LRM56_G_underwoodi,AM
36.93,LRM56_G_underwoodi,AM
36.95,LRM56_G_underwoodi,AM
36.88,LRM56_G_underwoodi,AM
37.14,LRM56_G_underwoodi,AM
37.09,LRM56_G_underwoodi,AM
36.89,LRM56_G_underwoodi,AM
36.75,LRM56_G_underwoodi,AM
36.64,LRM56_G_underwoodi,AM
36.52,LRM56_G_underwoodi,AM
32.69,LRM57_G_underwoodi,AM
32.67,LRM57_G_underwoodi,AM
32.64,LRM57_G_underwoodi,AM
32.6,LRM57_G_underwoodi,AM
32.56,LRM57_G_underwoodi,AM
32.54,LRM57_G_underwoodi,AM
32.51,LRM57_G_underwoodi,AM
32.59,LRM57_G_underwoodi,AM
32.66,LRM57_G_underwoodi,AM
32.68,LRM57_G_underwoodi,AM
32.71,LRM57_G_underwoodi,AM
32.75,LRM57_G_underwoodi,AM
32.77,LRM57_G_underwoodi,AM
32.76,LRM57_G_underwoodi,AM
32.88,LRM57_G_underwoodi,AM
32.9,LRM57_G_underwoodi,AM
33.04,LRM57_G_underwoodi,AM
33.47,LRM57_G_underwoodi,AM
33.79,LRM57_G_underwoodi,AM
34,LRM57_G_underwoodi,AM
34.17,LRM57_G_underwoodi,AM
34.27,LRM57_G_underwoodi,AM
34.35,LRM57_G_underwoodi,AM
34.41,LRM57_G_underwoodi,AM
34.47,LRM57_G_underwoodi,AM
34.53,LRM57_G_underwoodi,AM
34.55,LRM57_G_underwoodi,AM
34.57,LRM57_G_underwoodi,AM
34.6,LRM57_G_underwoodi,AM
34.59,LRM57_G_underwoodi,AM
34.58,LRM57_G_underwoodi,AM
34.59,LRM57_G_underwoodi,AM
34.57,LRM57_G_underwoodi,AM
34.55,LRM57_G_underwoodi,AM
34.56,LRM57_G_underwoodi,AM
34.69,LRM57_G_underwoodi,AM
34.52,LRM57_G_underwoodi,AM
34.09,LRM57_G_underwoodi,AM
33.79,LRM57_G_underwoodi,AM
33.55,LRM57_G_underwoodi,AM
33.5,LRM57_G_underwoodi,AM
33.78,LRM57_G_underwoodi,AM
33.96,LRM57_G_underwoodi,AM
33.92,LRM57_G_underwoodi,AM
33.7,LRM57_G_underwoodi,AM
33.95,LRM57_G_underwoodi,AM
34.31,LRM57_G_underwoodi,AM
34.7,LRM57_G_underwoodi,AM
34.96,LRM57_G_underwoodi,AM
35.18,LRM57_G_underwoodi,AM
35.33,LRM57_G_underwoodi,AM
35.46,LRM57_G_underwoodi,AM
35.39,LRM57_G_underwoodi,AM
34.92,LRM57_G_underwoodi,AM
34.56,LRM57_G_underwoodi,AM
34.24,LRM57_G_underwoodi,AM
34.04,LRM57_G_underwoodi,AM
33.86,LRM57_G_underwoodi,AM
33.73,LRM57_G_underwoodi,AM
33.63,LRM57_G_underwoodi,AM
33.67,LRM57_G_underwoodi,AM
34.08,LRM57_G_underwoodi,AM
34.24,LRM57_G_underwoodi,AM
34.35,LRM57_G_underwoodi,AM
34.4,LRM57_G_underwoodi,AM
33.44,LRM57_G_underwoodi,AM
33.32,LRM57_G_underwoodi,AM
33.21,LRM57_G_underwoodi,AM
33.1,LRM57_G_underwoodi,AM
33.03,LRM57_G_underwoodi,AM
32.98,LRM57_G_underwoodi,AM
32.97,LRM57_G_underwoodi,AM
32.99,LRM57_G_underwoodi,AM
32.97,LRM57_G_underwoodi,AM
32.98,LRM57_G_underwoodi,AM
32.99,LRM57_G_underwoodi,AM
32.97,LRM57_G_underwoodi,AM
32.93,LRM57_G_underwoodi,AM
32.94,LRM57_G_underwoodi,AM
32.9,LRM57_G_underwoodi,AM
32.92,LRM57_G_underwoodi,AM
32.93,LRM57_G_underwoodi,AM
33,LRM57_G_underwoodi,AM
33.07,LRM57_G_underwoodi,AM
33.15,LRM57_G_underwoodi,AM
33.18,LRM57_G_underwoodi,AM
33.15,LRM57_G_underwoodi,AM
33.12,LRM57_G_underwoodi,AM
33.11,LRM57_G_underwoodi,AM
33.13,LRM57_G_underwoodi,AM
33.52,LRM57_G_underwoodi,AM
33.9,LRM57_G_underwoodi,AM
34.17,LRM57_G_underwoodi,AM
34.36,LRM57_G_underwoodi,AM
34.52,LRM57_G_underwoodi,AM
34.68,LRM57_G_underwoodi,AM
34.81,LRM57_G_underwoodi,AM
34.51,LRM57_G_underwoodi,AM
34.54,LRM57_G_underwoodi,AM
34.61,LRM57_G_underwoodi,AM
34.76,LRM57_G_underwoodi,AM
34.85,LRM57_G_underwoodi,AM
34.91,LRM57_G_underwoodi,AM
34.94,LRM57_G_underwoodi,AM
34.96,LRM57_G_underwoodi,AM
34.98,LRM57_G_underwoodi,AM
35.02,LRM57_G_underwoodi,AM
35.02,LRM57_G_underwoodi,AM
35.07,LRM57_G_underwoodi,AM
35.14,LRM57_G_underwoodi,AM
35.16,LRM57_G_underwoodi,AM
35.16,LRM57_G_underwoodi,AM
35.15,LRM57_G_underwoodi,AM
35.13,LRM57_G_underwoodi,AM
35.17,LRM57_G_underwoodi,AM
35.13,LRM57_G_underwoodi,AM
35.01,LRM57_G_underwoodi,AM
35.08,LRM57_G_underwoodi,AM
34.91,LRM57_G_underwoodi,AM
34.77,LRM57_G_underwoodi,AM
36.64,LRM58_G_underwoodi,AM
36.61,LRM58_G_underwoodi,AM
36.52,LRM58_G_underwoodi,AM
36.46,LRM58_G_underwoodi,AM
36.43,LRM58_G_underwoodi,AM
36.41,LRM58_G_underwoodi,AM
36.39,LRM58_G_underwoodi,AM
36.36,LRM58_G_underwoodi,AM
36.37,LRM58_G_underwoodi,AM
36.31,LRM58_G_underwoodi,AM
36.28,LRM58_G_underwoodi,AM
36.35,LRM58_G_underwoodi,AM
36.39,LRM58_G_underwoodi,AM
36.39,LRM58_G_underwoodi,AM
36.38,LRM58_G_underwoodi,AM
36.4,LRM58_G_underwoodi,AM
36.34,LRM58_G_underwoodi,AM
36.35,LRM58_G_underwoodi,AM
36.31,LRM58_G_underwoodi,AM
36.31,LRM58_G_underwoodi,AM
36.29,LRM58_G_underwoodi,AM
36.3,LRM58_G_underwoodi,AM
36.3,LRM58_G_underwoodi,AM
36.21,LRM58_G_underwoodi,AM
36.2,LRM58_G_underwoodi,AM
36.2,LRM58_G_underwoodi,AM
36.14,LRM58_G_underwoodi,AM
36.13,LRM58_G_underwoodi,AM
36.15,LRM58_G_underwoodi,AM
36.2,LRM58_G_underwoodi,AM
36.21,LRM58_G_underwoodi,AM
36.16,LRM58_G_underwoodi,AM
36.08,LRM58_G_underwoodi,AM
36.03,LRM58_G_underwoodi,AM
36.01,LRM58_G_underwoodi,AM
36.02,LRM58_G_underwoodi,AM
36.05,LRM58_G_underwoodi,AM
35.74,LRM58_G_underwoodi,AM
35.43,LRM58_G_underwoodi,AM
35.03,LRM58_G_underwoodi,AM
34.73,LRM58_G_underwoodi,AM
34.89,LRM58_G_underwoodi,AM
35.2,LRM58_G_underwoodi,AM
35.42,LRM58_G_underwoodi,AM
35.88,LRM58_G_underwoodi,AM
36.42,LRM58_G_underwoodi,AM
36.76,LRM58_G_underwoodi,AM
36.97,LRM58_G_underwoodi,AM
37.16,LRM58_G_underwoodi,AM
37.31,LRM58_G_underwoodi,AM
37.41,LRM58_G_underwoodi,AM
37.5,LRM58_G_underwoodi,AM
37.61,LRM58_G_underwoodi,AM
37.57,LRM58_G_underwoodi,AM
37.1,LRM58_G_underwoodi,AM
36.12,LRM58_G_underwoodi,AM
35.62,LRM58_G_underwoodi,AM
35.25,LRM58_G_underwoodi,AM
34.98,LRM58_G_underwoodi,AM
35.16,LRM58_G_underwoodi,AM
36.01,LRM58_G_underwoodi,AM
35.9,LRM58_G_underwoodi,AM
35.86,LRM58_G_underwoodi,AM
35.86,LRM58_G_underwoodi,AM
36.01,LRM58_G_underwoodi,AM
36.23,LRM58_G_underwoodi,AM
36.28,LRM58_G_underwoodi,AM
36.53,LRM58_G_underwoodi,AM
36.5,LRM58_G_underwoodi,AM
36.21,LRM58_G_underwoodi,AM
36.61,LRM58_G_underwoodi,AM
36.77,LRM58_G_underwoodi,AM
36.88,LRM58_G_underwoodi,AM
36.98,LRM58_G_underwoodi,AM
37.05,LRM58_G_underwoodi,AM
37.1,LRM58_G_underwoodi,AM
37.11,LRM58_G_underwoodi,AM
37.1,LRM58_G_underwoodi,AM
37.13,LRM58_G_underwoodi,AM
37.11,LRM58_G_underwoodi,AM
37.14,LRM58_G_underwoodi,AM
37.14,LRM58_G_underwoodi,AM
37.14,LRM58_G_underwoodi,AM
37.14,LRM58_G_underwoodi,AM
37.15,LRM58_G_underwoodi,AM
37.14,LRM58_G_underwoodi,AM
37.15,LRM58_G_underwoodi,AM
37.19,LRM58_G_underwoodi,AM
37.19,LRM58_G_underwoodi,AM
37.15,LRM58_G_underwoodi,AM
37.16,LRM58_G_underwoodi,AM
37.21,LRM58_G_underwoodi,AM
37.2,LRM58_G_underwoodi,AM
36.86,LRM58_G_underwoodi,AM
37.04,LRM58_G_underwoodi,AM
37.15,LRM58_G_underwoodi,AM
36.26,LRM58_G_underwoodi,AM
35.51,LRM58_G_underwoodi,AM
34.87,LRM58_G_underwoodi,AM
34.38,LRM58_G_underwoodi,AM
34.16,LRM58_G_underwoodi,AM
34.02,LRM58_G_underwoodi,AM
33.93,LRM58_G_underwoodi,AM
33.84,LRM58_G_underwoodi,AM
33.75,LRM58_G_underwoodi,AM
33.73,LRM58_G_underwoodi,AM
33.72,LRM58_G_underwoodi,AM
33.8,LRM58_G_underwoodi,AM
33.95,LRM58_G_underwoodi,AM
34.56,LRM58_G_underwoodi,AM
35.32,LRM58_G_underwoodi,AM
35.85,LRM58_G_underwoodi,AM
35.88,LRM58_G_underwoodi,AM
36.51,LRM58_G_underwoodi,AM
36.88,LRM58_G_underwoodi,AM
37.02,LRM58_G_underwoodi,AM
37.24,LRM58_G_underwoodi,AM
36.23,LRM58_G_underwoodi,AM
35.16,LRM58_G_underwoodi,AM
34.9,LRM58_G_underwoodi,AM
32.69,LRM59_G_underwoodi,AM
32.74,LRM59_G_underwoodi,AM
32.78,LRM59_G_underwoodi,AM
32.8,LRM59_G_underwoodi,AM
32.79,LRM59_G_underwoodi,AM
32.8,LRM59_G_underwoodi,AM
32.78,LRM59_G_underwoodi,AM
32.74,LRM59_G_underwoodi,AM
32.74,LRM59_G_underwoodi,AM
32.72,LRM59_G_underwoodi,AM
32.72,LRM59_G_underwoodi,AM
32.72,LRM59_G_underwoodi,AM
32.71,LRM59_G_underwoodi,AM
32.72,LRM59_G_underwoodi,AM
32.74,LRM59_G_underwoodi,AM
32.77,LRM59_G_underwoodi,AM
32.8,LRM59_G_underwoodi,AM
32.82,LRM59_G_underwoodi,AM
32.81,LRM59_G_underwoodi,AM
32.79,LRM59_G_underwoodi,AM
32.79,LRM59_G_underwoodi,AM
32.77,LRM59_G_underwoodi,AM
32.75,LRM59_G_underwoodi,AM
32.73,LRM59_G_underwoodi,AM
32.71,LRM59_G_underwoodi,AM
32.71,LRM59_G_underwoodi,AM
32.7,LRM59_G_underwoodi,AM
32.69,LRM59_G_underwoodi,AM
32.69,LRM59_G_underwoodi,AM
32.74,LRM59_G_underwoodi,AM
32.76,LRM59_G_underwoodi,AM
32.76,LRM59_G_underwoodi,AM
32.74,LRM59_G_underwoodi,AM
32.71,LRM59_G_underwoodi,AM
32.71,LRM59_G_underwoodi,AM
32.72,LRM59_G_underwoodi,AM
32.74,LRM59_G_underwoodi,AM
32.75,LRM59_G_underwoodi,AM
32.78,LRM59_G_underwoodi,AM
32.79,LRM59_G_underwoodi,AM
32.78,LRM59_G_underwoodi,AM
32.75,LRM59_G_underwoodi,AM
32.76,LRM59_G_underwoodi,AM
32.79,LRM59_G_underwoodi,AM
32.85,LRM59_G_underwoodi,AM
32.92,LRM59_G_underwoodi,AM
33,LRM59_G_underwoodi,AM
33.07,LRM59_G_underwoodi,AM
33.14,LRM59_G_underwoodi,AM
33.17,LRM59_G_underwoodi,AM
33.17,LRM59_G_underwoodi,AM
33.16,LRM59_G_underwoodi,AM
33.21,LRM59_G_underwoodi,AM
33.32,LRM59_G_underwoodi,AM
33.42,LRM59_G_underwoodi,AM
33.58,LRM59_G_underwoodi,AM
33.64,LRM59_G_underwoodi,AM
33.68,LRM59_G_underwoodi,AM
33.67,LRM59_G_underwoodi,AM
33.49,LRM59_G_underwoodi,AM
33.45,LRM59_G_underwoodi,AM
33.41,LRM59_G_underwoodi,AM
33.35,LRM59_G_underwoodi,AM
33.29,LRM59_G_underwoodi,AM
33.29,LRM59_G_underwoodi,AM
33.3,LRM59_G_underwoodi,AM
33.26,LRM59_G_underwoodi,AM
33.26,LRM59_G_underwoodi,AM
33.24,LRM59_G_underwoodi,AM
33.23,LRM59_G_underwoodi,AM
33.22,LRM59_G_underwoodi,AM
33.2,LRM59_G_underwoodi,AM
33.21,LRM59_G_underwoodi,AM
33.24,LRM59_G_underwoodi,AM
33.27,LRM59_G_underwoodi,AM
33.28,LRM59_G_underwoodi,AM
33.29,LRM59_G_underwoodi,AM
33.3,LRM59_G_underwoodi,AM
33.32,LRM59_G_underwoodi,AM
33.32,LRM59_G_underwoodi,AM
33.57,LRM59_G_underwoodi,AM
33.96,LRM59_G_underwoodi,AM
33.97,LRM59_G_underwoodi,AM
33.9,LRM59_G_underwoodi,AM
33.87,LRM59_G_underwoodi,AM
33.85,LRM59_G_underwoodi,AM
33.85,LRM59_G_underwoodi,AM
33.91,LRM59_G_underwoodi,AM
33.91,LRM59_G_underwoodi,AM
33.88,LRM59_G_underwoodi,AM
33.91,LRM59_G_underwoodi,AM
33.92,LRM59_G_underwoodi,AM
33.91,LRM59_G_underwoodi,AM
33.95,LRM59_G_underwoodi,AM
34,LRM59_G_underwoodi,AM
34.02,LRM59_G_underwoodi,AM
34.01,LRM59_G_underwoodi,AM
34.02,LRM59_G_underwoodi,AM
34.02,LRM59_G_underwoodi,AM
34.06,LRM59_G_underwoodi,AM
34.05,LRM59_G_underwoodi,AM
34.1,LRM59_G_underwoodi,AM
34.28,LRM59_G_underwoodi,AM
34.4,LRM59_G_underwoodi,AM
34.48,LRM59_G_underwoodi,AM
34.52,LRM59_G_underwoodi,AM
34.53,LRM59_G_underwoodi,AM
34.45,LRM59_G_underwoodi,AM
34.39,LRM59_G_underwoodi,AM
34.31,LRM59_G_underwoodi,AM
34.17,LRM59_G_underwoodi,AM
34.08,LRM59_G_underwoodi,AM
34,LRM59_G_underwoodi,AM
33.95,LRM59_G_underwoodi,AM
33.94,LRM59_G_underwoodi,AM
33.92,LRM59_G_underwoodi,AM
33.88,LRM59_G_underwoodi,AM
33.97,LRM59_G_underwoodi,AM
34.13,LRM59_G_underwoodi,AM
34.24,LRM59_G_underwoodi,AM
31.16,LRM60_G_underwoodi,AM
31.19,LRM60_G_underwoodi,AM
31.21,LRM60_G_underwoodi,AM
31.22,LRM60_G_underwoodi,AM
31.29,LRM60_G_underwoodi,AM
31.5,LRM60_G_underwoodi,AM
31.24,LRM60_G_underwoodi,AM
31.1,LRM60_G_underwoodi,AM
31.01,LRM60_G_underwoodi,AM
30.94,LRM60_G_underwoodi,AM
30.9,LRM60_G_underwoodi,AM
30.89,LRM60_G_underwoodi,AM
30.9,LRM60_G_underwoodi,AM
30.91,LRM60_G_underwoodi,AM
30.89,LRM60_G_underwoodi,AM
30.93,LRM60_G_underwoodi,AM
30.93,LRM60_G_underwoodi,AM
30.95,LRM60_G_underwoodi,AM
30.9,LRM60_G_underwoodi,AM
30.86,LRM60_G_underwoodi,AM
30.86,LRM60_G_underwoodi,AM
30.86,LRM60_G_underwoodi,AM
30.86,LRM60_G_underwoodi,AM
30.79,LRM60_G_underwoodi,AM
30.72,LRM60_G_underwoodi,AM
30.73,LRM60_G_underwoodi,AM
30.74,LRM60_G_underwoodi,AM
30.74,LRM60_G_underwoodi,AM
30.75,LRM60_G_underwoodi,AM
30.75,LRM60_G_underwoodi,AM
30.76,LRM60_G_underwoodi,AM
30.74,LRM60_G_underwoodi,AM
30.68,LRM60_G_underwoodi,AM
30.67,LRM60_G_underwoodi,AM
30.72,LRM60_G_underwoodi,AM
30.73,LRM60_G_underwoodi,AM
30.76,LRM60_G_underwoodi,AM
30.8,LRM60_G_underwoodi,AM
30.85,LRM60_G_underwoodi,AM
30.85,LRM60_G_underwoodi,AM
30.9,LRM60_G_underwoodi,AM
30.88,LRM60_G_underwoodi,AM
30.87,LRM60_G_underwoodi,AM
30.92,LRM60_G_underwoodi,AM
31.03,LRM60_G_underwoodi,AM
31.4,LRM60_G_underwoodi,AM
31.55,LRM60_G_underwoodi,AM
31.87,LRM60_G_underwoodi,AM
31.71,LRM60_G_underwoodi,AM
31.45,LRM60_G_underwoodi,AM
31.5,LRM60_G_underwoodi,AM
31.53,LRM60_G_underwoodi,AM
31.58,LRM60_G_underwoodi,AM
31.58,LRM60_G_underwoodi,AM
31.56,LRM60_G_underwoodi,AM
31.54,LRM60_G_underwoodi,AM
31.72,LRM60_G_underwoodi,AM
31.85,LRM60_G_underwoodi,AM
31.97,LRM60_G_underwoodi,AM
32.03,LRM60_G_underwoodi,AM
32.1,LRM60_G_underwoodi,AM
32.1,LRM60_G_underwoodi,AM
32.09,LRM60_G_underwoodi,AM
32.09,LRM60_G_underwoodi,AM
32.09,LRM60_G_underwoodi,AM
32.12,LRM60_G_underwoodi,AM
32.11,LRM60_G_underwoodi,AM
32.11,LRM60_G_underwoodi,AM
32.1,LRM60_G_underwoodi,AM
32.07,LRM60_G_underwoodi,AM
32.07,LRM60_G_underwoodi,AM
32.02,LRM60_G_underwoodi,AM
31.98,LRM60_G_underwoodi,AM
31.85,LRM60_G_underwoodi,AM
31.65,LRM60_G_underwoodi,AM
31.72,LRM60_G_underwoodi,AM
31.75,LRM60_G_underwoodi,AM
31.58,LRM60_G_underwoodi,AM
31.54,LRM60_G_underwoodi,AM
31.47,LRM60_G_underwoodi,AM
31.46,LRM60_G_underwoodi,AM
31.45,LRM60_G_underwoodi,AM
31.42,LRM60_G_underwoodi,AM
31.39,LRM60_G_underwoodi,AM
31.38,LRM60_G_underwoodi,AM
31.35,LRM60_G_underwoodi,AM
31.36,LRM60_G_underwoodi,AM
31.39,LRM60_G_underwoodi,AM
31.4,LRM60_G_underwoodi,AM
31.41,LRM60_G_underwoodi,AM
31.42,LRM60_G_underwoodi,AM
31.45,LRM60_G_underwoodi,AM
31.45,LRM60_G_underwoodi,AM
31.48,LRM60_G_underwoodi,AM
31.55,LRM60_G_underwoodi,AM
31.57,LRM60_G_underwoodi,AM
31.57,LRM60_G_underwoodi,AM
31.58,LRM60_G_underwoodi,AM
31.58,LRM60_G_underwoodi,AM
31.59,LRM60_G_underwoodi,AM
31.63,LRM60_G_underwoodi,AM
31.68,LRM60_G_underwoodi,AM
31.7,LRM60_G_underwoodi,AM
31.71,LRM60_G_underwoodi,AM
31.7,LRM60_G_underwoodi,AM
31.69,LRM60_G_underwoodi,AM
31.66,LRM60_G_underwoodi,AM
31.65,LRM60_G_underwoodi,AM
31.66,LRM60_G_underwoodi,AM
31.7,LRM60_G_underwoodi,AM
31.72,LRM60_G_underwoodi,AM
31.74,LRM60_G_underwoodi,AM
31.72,LRM60_G_underwoodi,AM
31.72,LRM60_G_underwoodi,AM
31.73,LRM60_G_underwoodi,AM
31.75,LRM60_G_underwoodi,AM
31.76,LRM60_G_underwoodi,AM
31.78,LRM60_G_underwoodi,AM
31.8,LRM60_G_underwoodi,AM
31.79,LRM60_G_underwoodi,AM
